hashtag,,,,,,,,,,,,,,,,,,,,,,,,,,,,,
#쥬서리,#juicery,#야채쥬스,#위시티,#데일리,,,,,,,,,,,,,,,,,,,,,,,,,
#제주도,#우도봉,#여행,#데일리,,,,,,,,,,,,,,,,,,,,,,,,,,
#먹스타그램,#원마운트,#온더보더,#일상,,,,,,,,,,,,,,,,,,,,,,,,,,
#다락방,#데일리,,,,,,,,,,,,,,,,,,,,,,,,,,,,
#데일리,#옷스타그램,,,,,,,,,,,,,,,,,,,,,,,,,,,,
#제주도,#서귀포,#여행,#428i,#귀여운200일??,,,,,,,,,,,,,,,,,,,,,,,,,
#방화동,#쭉심,#쭈꾸미,#먹스타그램,#맛스타그램,#푸푸,,,,,,,,,,,,,,,,,,,,,,,,
#코스트코,#피자,#코스트코피자,#콤비네이션,#불고기베이크,#먹스타그램,#맛스타그램,#데일리,,,,,,,,,,,,,,,,,,,,,,
#신사동,#가로수길,#투뿔등심,#숙성깍두기,#육회,#계란찜,#천국의맛,#먹스타그램,#소스타그램,,,,,,,,,,,,,,,,,,,,,
#제주,#제주도,#서귀포,#여행,#데일리,,,,,,,,,,,,,,,,,,,,,,,,,
#제주도,#미국느낌,#여행,#428i,#데일리,#럽스타그램,,,,,,,,,,,,,,,,,,,,,,,,
#제주도,#서빈백사,#바다,#여행,,,,,,,,,,,,,,,,,,,,,,,,,,
#빕스,#얌스톤스테이크,#스테이크,#먹스타그램,,,,,,,,,,,,,,,,,,,,,,,,,,
#네일,#둥근프렌치,#글리터,#데일리,,,,,,,,,,,,,,,,,,,,,,,,,,
#제주도,#애월,#노을빛돼지,#애월맛집,#애월흑돼지,#데일리,,,,,,,,,,,,,,,,,,,,,,,,
#출근,#출근샷,#도트바지,#데일리,#데일리룩,#폭스바겐,#더비틀,,,,,,,,,,,,,,,,,,,,,,,
#헤이리,#데일리,#일상,,,,,,,,,,,,,,,,,,,,,,,,,,,
#샘아델만,#카이로,#일상,#옷스타그램,,,,,,,,,,,,,,,,,,,,,,,,,,
#데일리,#데일리룩,#ootd,#일상,,,,,,,,,,,,,,,,,,,,,,,,,,
#향수,#조말론,#선물,#데일리,,,,,,,,,,,,,,,,,,,,,,,,,,
#일산,#풍동,#애니골,#금송아지,#양념갈비,#먹스타그램,#일상,#데일리,,,,,,,,,,,,,,,,,,,,,,
#폭스바겐,#더비틀,#럽스타그램,#일상,,,,,,,,,,,,,,,,,,,,,,,,,,
#홍대,#퐁대,#스페인클럽,#스테이크,#먹스타그램,,,,,,,,,,,,,,,,,,,,,,,,,
#찢청??ㅋㅋㅋ.,#데일리룩,#무파진,#수페르가,#셀린,#트리오백,#베어브릭,,,,,,,,,,,,,,,,,,,,,,,
#야끼화로,#야끼니꾸,#먹스타그램,#고기고기,#소고기,#천국,,,,,,,,,,,,,,,,,,,,,,,,
#허니버터칩??편의점,,,,,,,,,,,,,,,,,,,,,,,,,,,,,
#식사동,#위시티,#띵킹,#카페스타그램,,,,,,,,,,,,,,,,,,,,,,,,,,
#냉장고,#결혼준비,#재밌당,#럽스타그램,,,,,,,,,,,,,,,,,,,,,,,,,,
#종로,#메종드미,#예물반지,,,,,,,,,,,,,,,,,,,,,,,,,,,
#젤네일,#둥근프렌치,#젤라또네일,,,,,,,,,,,,,,,,,,,,,,,,,,,
#미친사람,#양심없음,#주차장뺑소니,#뺑소니,#폭스바겐,#더비틀,,,,,,,,,,,,,,,,,,,,,,,,
#여행,#휴가,,,,,,,,,,,,,,,,,,,,,,,,,,,,
#일산맛집,#레오네,#일산새댁,#맛스타그램,#먹스타그램,#딸리아따만조,#데일리,#일상,,,,,,,,,,,,,,,,,,,,,,
#양수면옥빨리,#먹스타그램,#소고기,,,,,,,,,,,,,,,,,,,,,,,,,,,
#일산,#일산맛집,#웨스턴돔,#우장창창,#소곱창,#볶음밥,#하트볶음밥,,,,,,,,,,,,,,,,,,,,,,,
#그랜드하얏트,#풀사이드바베큐,#먹스타그램,,,,,,,,,,,,,,,,,,,,,,,,,,,
#1401HOME??,#집스타그램,#홈스타그램,#홈스윗홈,#홈카페,#홈데코,#새댁,#새댁일상,#커피스타그램,#데일리,#일상,,,,,,,,,,,,,,,,,,,
#웨딩드레스,#안나스포사,#결혼준비,,,,,,,,,,,,,,,,,,,,,,,,,,,
#로즈로사여기보구,#결혼준비,#웨딩드레스,#드레스투어,#10월의신부,,,,,,,,,,,,,,,,,,,,,,,,,
#젤네일,#프렌치,#둥근프렌치,#둥근프렌치성애자,#젤라또네일,,,,,,,,,,,,,,,,,,,,,,,,,
#1401HOME??,#레몬티,#고독한미식가,#신혼,#달달한밤,,,,,,,,,,,,,,,,,,,,,,,,,
,,,,,,,,,,,,,,,,,,,,,,,,,,,,,
,,,,,,,,,,,,,,,,,,,,,,,,,,,,,
,,,,,,,,,,,,,,,,,,,,,,,,,,,,,
#광명이케아,#이케아,#먹스타그램,,,,,,,,,,,,,,,,,,,,,,,,,,,
,,,,,,,,,,,,,,,,,,,,,,,,,,,,,
#집스타그램,#모닝커피,#데일리,#일상,,,,,,,,,,,,,,,,,,,,,,,,,,
,,,,,,,,,,,,,,,,,,,,,,,,,,,,,
,,,,,,,,,,,,,,,,,,,,,,,,,,,,,
,,,,,,,,,,,,,,,,,,,,,,,,,,,,,
#1401HOME??,#스투키,#플랜트스탠드,#스피커,#JBL스피커,#거실장,#헬싱키,#새댁일상,#신혼집,#집스타그램,#홈스타그램,#데일리,#일상,#일요일그램,,,,,,,,,,,,,,,,
#이태리,#베네치아,#베니스,#신혼여행,#여행스타그램,#천국,,,,,,,,,,,,,,,,,,,,,,,,
#여행,#터키,#이스탄불,#경유중,#프리미엄라운지,#이태리,#여행스타그램,#신혼여행,#뜻밖의두번째신혼여행,,,,,,,,,,,,,,,,,,,,,
#이태리,#베니스,#베네치아,#파스타,#오리지널파스타,#먹스타그램,#맛스타그랩,#여행,#여행중,#여행스타그램,,,,,,,,,,,,,,,,,,,,
#베이비핑크,#스카이블루,#파스텔,#럽스타그램,,,,,,,,,,,,,,,,,,,,,,,,,,
#쟈니로켓,#자니로켓,#스마일케챱,#파주아울렛,#룻데아울렛,#데일리,,,,,,,,,,,,,,,,,,,,,,,,
#경찰,#두근두근,#데일리,#일상,,,,,,,,,,,,,,,,,,,,,,,,,,
#서래마을,#콘트란쉐리에,#빵,#빵집,#데일리,,,,,,,,,,,,,,,,,,,,,,,,,
#일산,#위시티,#쿠치나,#맥주,#술스타그램,#일상,,,,,,,,,,,,,,,,,,,,,,,,
#양지미식당,#원테이블키친,#프랑스가정식,#먹스타그램,#맛스타그램,#신혼부부,#새댁,#새댁스타그램,#새댁일상,#데일리,#일상,,,,,,,,,,,,,,,,,,,
,,,,,,,,,,,,,,,,,,,,,,,,,,,,,
#홍대,#부자피자,#피자,#먹스타그램,,,,,,,,,,,,,,,,,,,,,,,,,,
#홍대,#부자피자,#샹그리아,#먹스타그램,,,,,,,,,,,,,,,,,,,,,,,,,,
#이태리,#이태리여행,#부라노,#부라노섬,#이태리신혼여행,,,,,,,,,,,,,,,,,,,,,,,,,
#이태리,#이탈리아,#부라노,#부라노섬,#여행,#여행중,#여행스타그램,#신혼여행,,,,,,,,,,,,,,,,,,,,,,
#새댁스타그램,#새댁일상,#데일리,,,,,,,,,,,,,,,,,,,,,,,,,,,
,,,,,,,,,,,,,,,,,,,,,,,,,,,,,
#피렌체,#플로렌스,#이태리,#이탈리아,#신혼여행,#이태리신혼여행,,,,,,,,,,,,,,,,,,,,,,,,
#이탈리아,#피렌체,#피자,#맥주,#피자스타그램,#먹스타그램,,,,,,,,,,,,,,,,,,,,,,,,
#이태리,#피렌체,#베키오다리,#여행스타그램,#여행중,#여행,,,,,,,,,,,,,,,,,,,,,,,,
#남산,#촛불1978,#스테이크,#파스타,#먹스타그램,,,,,,,,,,,,,,,,,,,,,,,,,
,,,,,,,,,,,,,,,,,,,,,,,,,,,,,
#이태리,#이태리여행,#여행스타그램,#스테이크,#뉴욕스트립,#맛스타그램,,,,,,,,,,,,,,,,,,,,,,,,
,,,,,,,,,,,,,,,,,,,,,,,,,,,,,
#젤네일,#네일스타그램,#둥근프렌치,#오오티디,#오늘의코디,#데일리룩,#새댁,#앙고라니트,#데일리,#일상,,,,,,,,,,,,,,,,,,,,
#결혼기념일,#1주년,#부부스타그램,#럽스타그램,#신혼부부,#새댁,#장미꽃,#꽃다발,#본홍장미,#꽃스타그램,#새댁일상,#데일리,#일상,,,,,,,,,,,,,,,,,
#피스피스,#펌킨파이,#브릭파이,#초코브릭파이,#파이,#새댁,#새댁일상,#먹스타그램,#데일리,#일상,,,,,,,,,,,,,,,,,,,,
#천일홍,#천일홍드라이플라워,#드라이플라워,#꽃다발,#홈데코,#신혼집,#신혼집인테리어,#하우스그램,#꿀하우스,#위드테이블,#투데이하우스,,,,,,,,,,,,,,,,,,,
#1401home,#3인용소파,#4인용소파,#그레이소파,#쿠션커버,#인테리어쿠션,#블랙테이블,#새댁일상,#새댁스타그램,#데일리,,,,,,,,,,,,,,,,,,,,
#피스피스,#펌킨파이,#호박파이,#파이,#파이스타그램,#먹스타그램,#새댁,#새댁일상,#데일리,#일상,,,,,,,,,,,,,,,,,,,,
#코엑스,#오이쇼,#oysho,#홈데코,#루돌프,#루돌프슬리퍼,#크리스마스,#크리스마스소품,,,,,,,,,,,,,,,,,,,,,,
,,,,,,,,,,,,,,,,,,,,,,,,,,,,,
#1401HOME??,#집스타그램,#홈스타그램,#저녁밥상,#온더테이블,#hay,#hay의자,,,,,,,,,,,,,,,,,,,,,,,
#1401HOME??,#집스타그램,#홈스타그램,#신혼,#신혼집,#신혼집인테리어,,,,,,,,,,,,,,,,,,,,,,,,
#이탈리아,#이태리,#이태리여행,#이탈리아여행,#베니스,#베네치아,#여행스타그램,#여행중,,,,,,,,,,,,,,,,,,,,,,
,,,,,,,,,,,,,,,,,,,,,,,,,,,,,
#결혼식,#데일리룩,#트리오백,#ootd,,,,,,,,,,,,,,,,,,,,,,,,,,
#이태리,#이탈리아,#피렌체,#플로렌스,#이태리신행,#피렌체짱짱,#짱좋피렌체,#카마돌리,#마비스,,,,,,,,,,,,,,,,,,,,,
,,,,,,,,,,,,,,,,,,,,,,,,,,,,,
#망원동,#빙하의별,#디저트,#아이스크림,#먹스타그램,#맛스타그램,#디저트그램,,,,,,,,,,,,,,,,,,,,,,,
#마켓컬리,#새벽배송,#샛별배송,#르뱅큐브식빵,#마담로익,#발사믹,#블루치즈,#당근컵케익,#무화과,#숙성햄,#블루베리,#라르마,#라르마나무도마,#큐티폴,#애크미,#온더테이블,#주말아침,#위드테이블밥상,#신혼부부,,,,,,,,,,,
#로마,#일리,#illy,#커피스타그램,#카페,#카페스타그램,#여행스타그램,#여행중,#이태리여행,#천국,,,,,,,,,,,,,,,,,,,,
#신혼집,#1401HOME??,#화장실,#화장실인테리어,#신혼집인테리어,#인테리어,#셀프인테리어,,,,,,,,,,,,,,,,,,,,,,,
#이태리,#로마,#롬라이프호텔,#italy,#rome,#romelifehotel,#여행,#여행스타그램,#신혼여행,#조식,#먹스타그램,#맛스타그램,#호텔스타그램,#커피,#누텔라,,,,,,,,,,,,,,,
,,,,,,,,,,,,,,,,,,,,,,,,,,,,,
#아스토니쉬,#주부스타그램,#신혼집,#신혼집인테리어,,,,,,,,,,,,,,,,,,,,,,,,,,
#부산여행,#광안리,#바다,#여행중,#여행스타그램,#바다스타그램,,,,,,,,,,,,,,,,,,,,,,,,
#부산,#남천동,#프루티,#인테리어,#까페스타그램,#카페스타그램,#커피스타그램,#여행중,#여행스타그램,#부산여행,#데일리,#일상,,,,,,,,,,,,,,,,,,
#1401HOME??,#신발장,#현관인테리어,#현관문,#현관중문,#셀프인테어,#신혼집인테리어,#인테리어,#interior,#selfinterior,#신혼집꾸미기,#ggumigi,#집꾸미기,#하우스그램,#오늘의집,#꿀하우스,#위드테이블,#집스타그램,#홈스타그램,,,,,,,,,,,
,,,,,,,,,,,,,,,,,,,,,,,,,,,,,
#1401HOME??,#주부놀이,#스텐냄비,#헹켈,#신혼집,#신혼집인테리어,#신혼집꾸미기,,,,,,,,,,,,,,,,,,,,,,,
#1401HOME??,#셀프인테리어,#화장실,#화장실인테리어,#화장실그램,#오늘의집,#꿀하우스,#위드테이블,#하우스그램,#ggumigi,#집스타그램,#홈스타그램,#interior,#selfinterior,#홈데코,#집꾸미기,#신혼집,#신혼집인테리어,,,,,,,,,,,,
#1401HOME??,#까사미아,#헬싱키,#까사미아헬싱키,#거실장,#집스타그램,#홈스타그램,#셀프인테리어,#인테리어,#신혼집,#신혼집꾸미기,#신혼집인테리어,,,,,,,,,,,,,,,,,,
#이태리여행,#젤라또,#아이스크림,#먹스타그램,#여행스타그램,,,,,,,,,,,,,,,,,,,,,,,,,
#먹스타그램,#일산,#웨스턴돔,#창고43,#먹스타그램,#고기스타그램,#소고기,,,,,,,,,,,,,,,,,,,,,,,
#1401HOME??,#신혼집,#신혼집인테리어,#인테리어,#집꾸미기,#하우스,#하우스그램,#위드테이블,#꿀하우스,#셀프인테리어,#셀프리모델링,#집스타그램,#홈스타그램,,,,,,,,,,,,,,,,,
#결혼준비,#10월의신부,#본식가봉,#드레스,#본식드레스,#안나스포사,,,,,,,,,,,,,,,,,,,,,,,,
#집꾸미기,#1401HOME??,#까사미아,#까사미아헬싱키,,,,,,,,,,,,,,,,,,,,,,,,,,
#W호텔,#걸스겟어웨이,#잼잼,,,,,,,,,,,,,,,,,,,,,,,,,,,
#W호텔,#걸스겟어웨이,#너무좋앙,,,,,,,,,,,,,,,,,,,,,,,,,,,
,,,,,,,,,,,,,,,,,,,,,,,,,,,,,
#W호텔,,,,,,,,,,,,,,,,,,,,,,,,,,,,,
#대하,#대하구이,#갈릭버터새우,#대하라면,#온더테이블,#먹스타그램,#맛스타그램,#신혼집,#신혼집인테리어,,,,,,,,,,,,,,,,,,,,,
#조셉조셉,#조셉조셉도마,#신혼집,#신혼집인테리어,#셀프인테리어,#셀프리모델링,#집꾸미기,#하우스그램,#꿀하우스,#위드테이블,,,,,,,,,,,,,,,,,,,,
#1401HOME??,#현관중문,#중문,#셀프인테리어,#셀프리모델링,#집스타그램,#홈스타그램,#신혼집,#신혼집인테리어,#하우스그램,#꿀하우스,#집꾸미기,#위드테이블,,,,,,,,,,,,,,,,,
#1401HOME??,#셀프인테리어,#셀프리모델링,#집스타그램,#방스타그램,#홈스타그램,#신혼집,#신혼집인테리어,#하우스그램,#꿀하우스,#집꾸미기,#위드테이블,,,,,,,,,,,,,,,,,,
#콘트란쉐리에,#크루아상,#야식타임,#빵스타그램,#온더테이블,,,,,,,,,,,,,,,,,,,,,,,,,
#메종드디자인페어,#디자인페어,#송도컨벤시아,#신혼살림,#그릇,#꼬떼따블,#cotetable,#온더테이블,#홈데코,#키친스타그램,#하우스그램,#집스타그램,#꿀하우스,#위드테이블,,,,,,,,,,,,,,,,
#1401HOME??,#벌써주부,#아직결혼도안함,#벌써다음주,#신혼집,#신혼집인테리어,#셀프인테리어,#셀프리모델링,#홈데코,#홈스타일링,#바이아미,#꿀하우스,#하우스그램,#위드테이블,#집꾸미기,,,,,,,,,,,,,,,
,,,,,,,,,,,,,,,,,,,,,,,,,,,,,
#키스마이하우스,#피아바,#1401HOME??,#위드테이블,#위드테이블밥상,#코코스,#코코스포스터,#티슈케이스,#부엌스타그램,#키친스타그램,,,,,,,,,,,,,,,,,,,,
#커피,#커피스타그램,#홈카페,#G7,#G7커피,,,,,,,,,,,,,,,,,,,,,,,,,
,,,,,,,,,,,,,,,,,,,,,,,,,,,,,
#피스피스,#바나나파이,#바나나크림파이,#천국의맛,#빵스타그램,#새댁일상,#새댁스타그램,#데일리,#일상,,,,,,,,,,,,,,,,,,,,,
#프렌치토스트,#온더테이블,#신혼밥상,#빵스타그램,,,,,,,,,,,,,,,,,,,,,,,,,,
#테레사프레이타스,,,,,,,,,,,,,,,,,,,,,,,,,,,,,
#1401HOME??,#신혼여행,#이태리,#이태리스냅,#마르띠스냅,#새댁,#새댁스타그램,#신혼집,#신혼집인테리어,#데일리,#일상,,,,,,,,,,,,,,,,,,,
#여행스타그램,#이태리,#로마,#두번째신혼여행,#신혼여행,#이태리신혼여행,#italy,#rome,#roma,#추억스타그램,#추억팔이,#하늘,#구름,#데일리,#일상,,,,,,,,,,,,,,,
#ㅇㅠㅈㅡㅌㅜㄹㅌㅜㅅㅡㅂㅡㄹㅓㅅㅟ,#ㅇㅠㅈㅡㅌㅜㄹㅊㅣㅅㅅㅗㄹ,#ㅎㅘㅈㅏㅇㅅㅣㄹㅇㅣㄴㅌㅔㄹㅣㅇㅓ,,,,,,,,,,,,,,,,,,,,,,,,,,,
,,,,,,,,,,,,,,,,,,,,,,,,,,,,,
#여행스타그램,#이태리,#로마,#두번째신혼여행,#신혼여행,#신혼부부,#이태리신혼여행,#italy,#rome,#roma,#추억스타그램,#추억팔이,#데일리,#일상,,,,,,,,,,,,,,,,
#마이웨딩,#마이웨딩3월호,#딸기쥬스,#비요뜨,,,,,,,,,,,,,,,,,,,,,,,,,,
#네일스타그램,#둥근프렌치,#젤네일,#오오티디,#데일리,#일상,#젤라또네일,,,,,,,,,,,,,,,,,,,,,,,
#갈치조림,#소고기롤,#소고기말이,,,,,,,,,,,,,,,,,,,,,,,,,,,
#결혼식,#웨딩네일,#결혼네일,#신부네일,#젤네일,#둥근프렌치,#젤라또네일,,,,,,,,,,,,,,,,,,,,,,,
#신혼여행,#신혼스타그램,,,,,,,,,,,,,,,,,,,,,,,,,,,,
#세부,#막탄,#샹그릴라,#샹그릴라리조트,#신혼여행,#여행스타그램,,,,,,,,,,,,,,,,,,,,,,,,
#세부,#막탄,#샹그릴라,#샹그릴라리조트,#신혼여행,#여행,#산미구엘,#수영장,,,,,,,,,,,,,,,,,,,,,,
#세부,#세부샹그릴라,#샹그릴라,#산미구엘,#술스타그램,#여행스타그램,#신혼여행,,,,,,,,,,,,,,,,,,,,,,,
,,,,,,,,,,,,,,,,,,,,,,,,,,,,,
#세부,#막탄,#세부샹그릴라,#신혼여행,#셀프웨딩,#럽스타그램,,,,,,,,,,,,,,,,,,,,,,,,
#세부,#막탄,#세부샹그릴라,#신혼여행,#셀프웨딩,#여행스타그램,#럽스타그램,,,,,,,,,,,,,,,,,,,,,,,
#헬스타그램,#운동스타그램,#일상,#데일리,,,,,,,,,,,,,,,,,,,,,,,,,,
#골드망고입에서,#세부,#막탄,#골드망고,#세부골드망고,#여행중,#신혼여행,#여행스타그램,,,,,,,,,,,,,,,,,,,,,,
#셀프웨딩,#럽스타그램,#신혼여행,,,,,,,,,,,,,,,,,,,,,,,,,,,
#젤페디,#페디,#페디스타그램,,,,,,,,,,,,,,,,,,,,,,,,,,,
#이마트,#장보기,#휴지통,,,,,,,,,,,,,,,,,,,,,,,,,,,
#1401HOME??,#크리스마스트리,#그레이트리,#미니트리,#파스텔트리,#니트트리,#화이트트리,#신혼집인테리어,#집스타그램,#홈데코,#홈스타일링,#새댁일상,#데일리,#일상,,,,,,,,,,,,,,,,
#크리스마스,#크리스마스파티,#송년회,#온더테이블,#테이블데코,#쉬림프,#스테이크,#알리오올리오,#바나나테이블,#마루케이크,,,,,,,,,,,,,,,,,,,,
,,,,,,,,,,,,,,,,,,,,,,,,,,,,,
#1401HOME??,,,,,,,,,,,,,,,,,,,,,,,,,,,,,
,,,,,,,,,,,,,,,,,,,,,,,,,,,,,
#카페나오,#커피스타그램,,,,,,,,,,,,,,,,,,,,,,,,,,,,
#빕스,#얌스톤,#스테이크,#고기스타그램,#먹스타그램,#맛스타그램,#데일리,#일상,#설날,#설날스타그램,,,,,,,,,,,,,,,,,,,,
#먹스타그램,#술스타그램,#존슨켄터키,#신혼부부,#데일리,#일상,,,,,,,,,,,,,,,,,,,,,,,,
#흐린거야황사인거야??,#커피스타그램,#커피수혈,#애크미,#애크미컵,#침실스타그램,#집스타그램,#새댁일상,#데일리,#일상,,,,,,,,,,,,,,,,,,,,
#여행스타그램,#이태리,#피렌체,#플로렌스,#두번째신혼여행,#italy,#florence,#firenze,#두오모,#두오모성당,#신혼여행,#신혼부부,#이태리신혼여행,#맥주스타그램,#술스타그램,#추억스타그램,#추억팔이,#데일리,#일상,,,,,,,,,,,
,,,,,,,,,,,,,,,,,,,,,,,,,,,,,
#일산카페,#설문카페,#커피스타그램,#카페스타그램,,,,,,,,,,,,,,,,,,,,,,,,,,
#1401HOME??,#크리스마스,#크리스마스파티,#홈파티,#홈데코,#크리스마스리스,,,,,,,,,,,,,,,,,,,,,,,,
,,,,,,,,,,,,,,,,,,,,,,,,,,,,,
,,,,,,,,,,,,,,,,,,,,,,,,,,,,,
#카페왈츠,#김포카페,#방화동카페,#카페스타그램,#까페스타그램,#커피스타그램,#새댁일상,#새댁스타그램,#데일리,#일상,,,,,,,,,,,,,,,,,,,,
#신혼부부,#신혼부부부일상,#럽스타그램,#새댁일상,#새댁스타그램,#데일리,#일상,,,,,,,,,,,,,,,,,,,,,,,
,,,,,,,,,,,,,,,,,,,,,,,,,,,,,
,,,,,,,,,,,,,,,,,,,,,,,,,,,,,
,,,,,,,,,,,,,,,,,,,,,,,,,,,,,
#나이키포스로우,#나이키포스,#오오티디,#옷스타그램,#신발스타그램,#운동화그램,#데일리,#일상,,,,,,,,,,,,,,,,,,,,,,
,,,,,,,,,,,,,,,,,,,,,,,,,,,,,
,,,,,,,,,,,,,,,,,,,,,,,,,,,,,
#마스터쉬림프,#먹스타그램,#맛스타그램,#데일리,#일상,#랍스타,#크림파스타,,,,,,,,,,,,,,,,,,,,,,,
#부산,#여행스타그램,,,,,,,,,,,,,,,,,,,,,,,,,,,,
,,,,,,,,,,,,,,,,,,,,,,,,,,,,,
#벚꽃,#날씨맑음,#데일리,#일상,#오늘,,,,,,,,,,,,,,,,,,,,,,,,,
#집들이,#집들이선물,#선물,#인테이크,,,,,,,,,,,,,,,,,,,,,,,,,,
#집스타그램,#홈스타그램,#홈데코,#일요일그램,#일상,#데일리,,,,,,,,,,,,,,,,,,,,,,,,
#일산,#카페나오,#나오,#카페스타그램,#커피스타그램,,,,,,,,,,,,,,,,,,,,,,,,,
#오늘은나가지말자,#집스타그램,#홈스타그램,#커피스타그램,#새댁일상,#데일리,#무인양품잠옷,,,,,,,,,,,,,,,,,,,,,,,
#로마,#이태리,#이탈리아,#와인,#여행스타그램,,,,,,,,,,,,,,,,,,,,,,,,,
#샌드위치,#딸기쥬스,#딸기스타그램,#빵스타그램,#홈데코,#홈카페,#새댁,#집스타그램,#온더테이블,,,,,,,,,,,,,,,,,,,,,
#네일스타그램,#뉴네일,#하트네일,#젤네일,#오오티디,#일상,#데일리,#새댁,#새댁스타그램,,,,,,,,,,,,,,,,,,,,,
#1401home??,#집스타그램,#홈스타그램,#새댁일상,#새댁스타그램,#홈스윗홈,#데일리,#일상,,,,,,,,,,,,,,,,,,,,,,
#메그놀리아,#메그놀리아베이커리,#레드벨벳,#빵스타그램,#먹스타그램,#컵케익,#새댁스타그램,#신혼부부,#데이트그램,#럽스타그램,#데일리,#일상,,,,,,,,,,,,,,,,,,
,,,,,,,,,,,,,,,,,,,,,,,,,,,,,
,,,,,,,,,,,,,,,,,,,,,,,,,,,,,
#굿모닝,,,,,,,,,,,,,,,,,,,,,,,,,,,,,
#넬스타그램,#네일스타그램,#젤네일,#아트네일,#오오티디,#데일리,#일상,#젤라또네일,,,,,,,,,,,,,,,,,,,,,,
,,,,,,,,,,,,,,,,,,,,,,,,,,,,,
#그랜드하얏트,#풀사이드바베큐,#먹스타그램,#맛스타그램,#꿀맛,#신혼부부,#럽스타그램,#데이트그램,#일상,#데일리,,,,,,,,,,,,,,,,,,,,
#커피스타그램,#카페스타그램,#아메리카노,,,,,,,,,,,,,,,,,,,,,,,,,,,
,,,,,,,,,,,,,,,,,,,,,,,,,,,,,
#1401HOME??,,,,,,,,,,,,,,,,,,,,,,,,,,,,,
#신혼밥상,#온더테이블,#저녁밥상,#떡볶이,#오뎅탕,#참치주먹밥,#먹스타그램,,,,,,,,,,,,,,,,,,,,,,,
#그랜드하얏트,#풀사이드바베큐,#하얏트호텔,,,,,,,,,,,,,,,,,,,,,,,,,,,
,,,,,,,,,,,,,,,,,,,,,,,,,,,,,
#망원동,#망원동카페,#카페스타그램,#커피스타그램,#럽스타그램,#데이트그램,#신혼부부,#일상,#데일리,,,,,,,,,,,,,,,,,,,,,
,,,,,,,,,,,,,,,,,,,,,,,,,,,,,
#영화아가씨,#아가씨,#오오티디,#데일리룩,#옷스타그램,#새댁,#새댁스타그램,#데일리,#일상,#데이트그램,#럽스타그램,,,,,,,,,,,,,,,,,,,
#이태리여행,#부라노섬,,,,,,,,,,,,,,,,,,,,,,,,,,,,
,,,,,,,,,,,,,,,,,,,,,,,,,,,,,
,,,,,,,,,,,,,,,,,,,,,,,,,,,,,
,,,,,,,,,,,,,,,,,,,,,,,,,,,,,
#카페스타그램,#까페스타그램,#커피스타그램,#데일리,#일상,,,,,,,,,,,,,,,,,,,,,,,,,
#젤네일,#프렌치네일,#둥근프렌치,#글리터젤네일,#네일스타그램,#뉴네일,#젤라또네일,,,,,,,,,,,,,,,,,,,,,,,
#1401HOME??,#드라이플라워,#온더테이블,#인테리어,#신혼집,#신혼집인테리어,#셀프인테리어,#집꾸미기,#하우스그램,#위드테이블,#꿀하우스,#키티버니포니,,,,,,,,,,,,,,,,,,
,,,,,,,,,,,,,,,,,,,,,,,,,,,,,
#냉정과열정사이,#피렌체,#이탈리아,#이태리,#여행스타그램,#트렌이탈리아,,,,,,,,,,,,,,,,,,,,,,,,
,,,,,,,,,,,,,,,,,,,,,,,,,,,,,
#브런치,#온더테이블,#홈카페,#홈까페,#홈데코,#테이블데코,#그릇스타그랩,#큐티폴,#새댁,#새댁일상,#신혼부부주말,#신혼부부밥상,#데일리,#일상,,,,,,,,,,,,,,,,
,,,,,,,,,,,,,,,,,,,,,,,,,,,,,
#이태리,#베니스,#베네치아,#여행스타그램,,,,,,,,,,,,,,,,,,,,,,,,,,
#커피스타그램,#커피수혈,#애크미,#새댁스타그램,#새댁일상,#주말일상,#온더테이블,#데일리,#일상,,,,,,,,,,,,,,,,,,,,,
,,,,,,,,,,,,,,,,,,,,,,,,,,,,,
#1401HOME??,#꽃스타그램,#장미??,#유칼립투스,#홈데코,#신혼집인테리어,#망나뇽,#데일리,#일상,,,,,,,,,,,,,,,,,,,,,
#럽스타그램,#럽럽럽,#히히,#사랑해,#데이트그램,#신혼부부,#신혼부부일상,#꽃다발,#장미꽃다발,#유칼립투스,#오오티디,#데일리,#일상,,,,,,,,,,,,,,,,,
#슬로우스테이션,#일산카페,#카페스타그램,#카페투어,#커피수혈,#데이트그램,#신혼부부,#신혼부부일상,#데일리그램,#일상스타그램,,,,,,,,,,,,,,,,,,,,
,,,,,,,,,,,,,,,,,,,,,,,,,,,,,
#온더테이블,#새댁,#새댁스타그램,#일산,#양지미식당,#먹스타그램,#맛스타그램,#일상,#데일리,,,,,,,,,,,,,,,,,,,,,
#데일리,#일상,#하늘,#하늘스타그램,,,,,,,,,,,,,,,,,,,,,,,,,,
,,,,,,,,,,,,,,,,,,,,,,,,,,,,,
#피렌체,#피렌체더몰,#더몰,#프라다,#이태리,#이태리여행,#이태리신혼여행,#여행스타그램,,,,,,,,,,,,,,,,,,,,,,
,,,,,,,,,,,,,,,,,,,,,,,,,,,,,
#오이쇼,#OYSHO,#파자마,#잠옷,#홈웨어,#새댁일상,#새댁스타그램,#데일리,#일상,,,,,,,,,,,,,,,,,,,,,
,,,,,,,,,,,,,,,,,,,,,,,,,,,,,
#이태리,#이태리여행,#일리,#일리커피,#여행스타그램,#커피스타그램,,,,,,,,,,,,,,,,,,,,,,,,
#신혼집,#신혼집인테리어,#선인장,#홈데코,,,,,,,,,,,,,,,,,,,,,,,,,,
,,,,,,,,,,,,,,,,,,,,,,,,,,,,,
,,,,,,,,,,,,,,,,,,,,,,,,,,,,,
#말차라떼,#밀크티,#로우커피한남,#로우커피,,,,,,,,,,,,,,,,,,,,,,,,,,
,,,,,,,,,,,,,,,,,,,,,,,,,,,,,
#백석동,#소란,#백석소란,#꽃등심,#일본가정식,#온더테이블,#먹스타그램,#맛스타그램,#데일리,#일상,,,,,,,,,,,,,,,,,,,,
#1401home,#화이트테이블,#사각테이블,#원형테이블,#거실테이블,#베란다테이블,#새댁스타그램,#새댁일상,#interior,#homedeco,#데일리,,,,,,,,,,,,,,,,,,,
#1401HOME??,#집스타그램,#홈스타그램,#아레카야자,#셀프인테리어,#새댁,#새댁스타그램,#데일리,#일상,#구정마루,,,,,,,,,,,,,,,,,,,,
#피렌체,#베키오다리,#이탈리아,#이태리,#신혼여행,#여행중,#여행,#여행스타그램,,,,,,,,,,,,,,,,,,,,,,
,,,,,,,,,,,,,,,,,,,,,,,,,,,,,
#1401HOME??,#집꾸미기,#ggumigi,,,,,,,,,,,,,,,,,,,,,,,,,,,
,,,,,,,,,,,,,,,,,,,,,,,,,,,,,
#이태리,#로마,#로마여행,#럽스타그램,#여행스타그램,#남편스타그램,#부부스타그램,,,,,,,,,,,,,,,,,,,,,,,
,,,,,,,,,,,,,,,,,,,,,,,,,,,,,
#두오모,#두오모성당,#이태리,#피렌체,#여행스타그램,#신혼여행,,,,,,,,,,,,,,,,,,,,,,,,
#일산,#마크트할레,#백석,#일산교보문고,#메가박스,#부산행,#일상,#데일리,,,,,,,,,,,,,,,,,,,,,,
,,,,,,,,,,,,,,,,,,,,,,,,,,,,,
#유칼립투스,#식물스타그램,#홈데코,#집꾸미기,#새댁,#새댁일상,#새댁스타그램,#신혼집인테리어,#데일리,#일상,,,,,,,,,,,,,,,,,,,,
#일산,#일산앵커드,#카페스타그램,#새댁,#새댁스타그램,#데일리,#일상,#오오티디,#옷스타그램,,,,,,,,,,,,,,,,,,,,,
#이탈리아,#이태리,#피렌체,#라스칼렛타호텔,#여행스타그램,#여행,,,,,,,,,,,,,,,,,,,,,,,,
#테판,,,,,,,,,,,,,,,,,,,,,,,,,,,,,
#1401HOME??,#인스타이벤트,#리그램이벤트,#에이솝,#에이솝핸드워시,#4인용식탁,#6인용식탁,#블랙식탁,#블랙테이블,#거실테이블,#베란다테이블,#데일리,#일상,,,,,,,,,,,,,,,,,
#아레카야자,#식물스타그램,#데일리,#일상,,,,,,,,,,,,,,,,,,,,,,,,,,
#아베크엘,#온더테이블,#카페스타그램,#데이트그램,#럽스타그램,#새댁일상,#커피수혈,#이벤트진행중,#데일리,#일상,,,,,,,,,,,,,,,,,,,,
#새댁스타그램,#데일리,#일상,,,,,,,,,,,,,,,,,,,,,,,,,,,
#JW메리어트동대문,#클럽501,#호텔스타그램,#수영장,#여름,#수영장그램,#새댁,#새댁스타그램,#신혼부부,#데일리,#일상,,,,,,,,,,,,,,,,,,,
#플라밍고,#플라밍고홀더,#수영장,#오오티디,#데일리,#일상,#새댁,#새댁스타그램,,,,,,,,,,,,,,,,,,,,,,
,,,,,,,,,,,,,,,,,,,,,,,,,,,,,
,,,,,,,,,,,,,,,,,,,,,,,,,,,,,
#폭염,#폭염주의보,#새댁,#새댁스타그램,#데일리,#일상,,,,,,,,,,,,,,,,,,,,,,,,
#제품명,#1401HOME,#어라운드테이블,#플랫화이트테이블,#1401HOME,#거실인테리어,#신혼집,#신혼집인테리어,#집꾸미기,,,,,,,,,,,,,,,,,,,,,
#근데피자가진짜맛있었어,#유니클로양말취존,#먹스타그램,#피자,#피자스타그램,#새댁,#일상,#데일리,,,,,,,,,,,,,,,,,,,,,,
#집스타그램,#먹스타그램,#새댁,#새댁일상,#데일리,#일상,,,,,,,,,,,,,,,,,,,,,,,,
,,,,,,,,,,,,,,,,,,,,,,,,,,,,,
#코스믹맨션,,,,,,,,,,,,,,,,,,,,,,,,,,,,,
,,,,,,,,,,,,,,,,,,,,,,,,,,,,,
#양지미식당,#온더테이블,#onthetable,#새댁,#새댁스타그램,#데일리,#일상,,,,,,,,,,,,,,,,,,,,,,,
#피렌체,#플로렌스,#야경,#여행중,#여행스타그램,,,,,,,,,,,,,,,,,,,,,,,,,
#신혼상차림,#온더테이블,#신혼부부,#집밥,#신혼부부,#저녁상차림,#스타우브,#호박전,#떡갈비,#데일리,#일상,,,,,,,,,,,,,,,,,,,
#맥앤치즈,#마카로니,#맥주스타그램,#온더테이블,#신혼부부일상,#새댁스타그램,#금요일밤,#데일리,#일상,,,,,,,,,,,,,,,,,,,,,
,,,,,,,,,,,,,,,,,,,,,,,,,,,,,
#침실인테리어,#한샘IK,#붙박이장,#데일리,#일상,,,,,,,,,,,,,,,,,,,,,,,,,
#롯데월드,#신혼부부,#데이트그램,#럽스타그램,#새댁,#새댁스타그램,#놀이공원,#일상,#데일리,,,,,,,,,,,,,,,,,,,,,
,,,,,,,,,,,,,,,,,,,,,,,,,,,,,
#29살먹은초딩친구,#집스타그램,#새댁일상,#청포도,#데일리,#일상,,,,,,,,,,,,,,,,,,,,,,,,
,,,,,,,,,,,,,,,,,,,,,,,,,,,,,
#이태리여행,#로마여행,#여행스타그램,#여행중,#신혼여행,,,,,,,,,,,,,,,,,,,,,,,,,
#1401HOME??,#신혼집,#신혼집인테리어,#셀프인테리어,#집스타그램,#홈스타그램,#홈테코,#위드테이블,#하우스그램,#투데이하우스,,,,,,,,,,,,,,,,,,,,
,,,,,,,,,,,,,,,,,,,,,,,,,,,,,
#망원동,#망원동카페,#카페스타그램,#커피스타그램,#럽스타그램,#데이트그램,#신혼부부,#일상,#데일리,,,,,,,,,,,,,,,,,,,,,
#핑크바케스,#핑크핑크,#일산새댁,#새댁일상,#데일리,#일상,,,,,,,,,,,,,,,,,,,,,,,,
#집들이,#신혼선물,#티슈케이스,#조말론,#조말론디퓨져,#홈데코,#집스타그램,#하우스그램,,,,,,,,,,,,,,,,,,,,,,
,,,,,,,,,,,,,,,,,,,,,,,,,,,,,
,,,,,,,,,,,,,,,,,,,,,,,,,,,,,
#복숭아,#복숭아그램,#??,#일요일일상,#주말일상,#데일리,#일상,#온더테이블,,,,,,,,,,,,,,,,,,,,,,
,,,,,,,,,,,,,,,,,,,,,,,,,,,,,
#그래놀라,#그래놀라요거트,#새댁일상,#주말일상,#데일리,#일상,,,,,,,,,,,,,,,,,,,,,,,,
#파주헤이리마을,#주말나들이,#새댁일상,#새댁스타그램,#카페스타그램,#데일리,#일상,,,,,,,,,,,,,,,,,,,,,,,
,,,,,,,,,,,,,,,,,,,,,,,,,,,,,
,,,,,,,,,,,,,,,,,,,,,,,,,,,,,
#닉나이트,#닉나이트사진전,#대림미술관,#nickknight,#새댁일상,#새댁스타그램,#데일리,#일상,,,,,,,,,,,,,,,,,,,,,,
#1401HOME??,#럽스타그램,#신혼부부,#신혼부부일상,#주말,#데일리,#일상,,,,,,,,,,,,,,,,,,,,,,,
,,,,,,,,,,,,,,,,,,,,,,,,,,,,,
,,,,,,,,,,,,,,,,,,,,,,,,,,,,,
#1401HOME??,#신혼집,#신혼집인테리어,#침실인테리어,#셀프인테리어,#셀프리모델링,#interior,#집스타그램,#홈스타그램,#꿀하우스,#하우스그램,#housegram,#위드테이블,#투데이하우스,,,,,,,,,,,,,,,,
,,,,,,,,,,,,,,,,,,,,,,,,,,,,,
#일산카페,#서서히봄,#백석카페,#커피스타그램,#아이스마에리카노,#새댁일상,#새댁스타그램,#데일리,#일상,,,,,,,,,,,,,,,,,,,,,
#여행스타그램,#데일리,#일상,#새댁,#부라노섬,#노필터,,,,,,,,,,,,,,,,,,,,,,,,
#나이키,#운동화그램,#오오티디,#데일리룩,#옷스타그램,#이벤트진행중,#데일리,#일상,,,,,,,,,,,,,,,,,,,,,,
#여행스타그램,#데일리,#일상,#새댁,#카페스타그램,#일리커피,,,,,,,,,,,,,,,,,,,,,,,,
#1401home??,#극락조,#식물스타그램,#모더니카화분,#신혼집인테리어,#거실인테리어,#주말일상,#새댁일상,#새댁스타그램,,,,,,,,,,,,,,,,,,,,,
#1401HOME??,#홈스윗홈,#신혼집,#신혼집인테리어,#인테리어,#셀프인테리어,#셀프리모델링,#스투키,#까사미아,#헬싱키,#드라이플라워,#목화솜,#위드테이블,#하우스그램,#꿀하우스,#집스타그램,#홈스타그램,#월요일그램,#데일리,#일상,#홈데코,#거실인테리어,#집꾸미기,#interior,#homedeco,,,,,
,,,,,,,,,,,,,,,,,,,,,,,,,,,,,
#상수,#상수역,#라멘트럭,#먹스타그램,#맛스타그램,#데일리,#일상,,,,,,,,,,,,,,,,,,,,,,,
#1401home??,#튤립,#꽃스타그램,#부엌스타그램,#주말일상,#새댁일상,,,,,,,,,,,,,,,,,,,,,,,,
,,,,,,,,,,,,,,,,,,,,,,,,,,,,,
,,,,,,,,,,,,,,,,,,,,,,,,,,,,,
#강정이기가막혀,#크리미양파,#크리미양파닭,#인생치킨,#치킨그타그램,#먹스타그램,#닭스타그램,#맛있다그램,#존맛,#술스타그램,#데일리,#일상,,,,,,,,,,,,,,,,,,
#1401HOME??,#스투키,#스투키화분,,,,,,,,,,,,,,,,,,,,,,,,,,,
#벨라시타,#빵스타그램,#틸앤비,#새댁일상,#데일리,#일상,,,,,,,,,,,,,,,,,,,,,,,,
,,,,,,,,,,,,,,,,,,,,,,,,,,,,,
#스타우브,#꼬꼬떼,#꼬꼬떼16,,,,,,,,,,,,,,,,,,,,,,,,,,,
,,,,,,,,,,,,,,,,,,,,,,,,,,,,,
#온더테이블,#커피스타그램,#홈스타그램,#집스타그램,,,,,,,,,,,,,,,,,,,,,,,,,,
#카페트,#러그,#스트라이프러그,#스트라이프카페트,#거실카페트,#그레이카페트,#홈데코,,,,,,,,,,,,,,,,,,,,,,,
,,,,,,,,,,,,,,,,,,,,,,,,,,,,,
,,,,,,,,,,,,,,,,,,,,,,,,,,,,,
#1401HOME??,#홈스타그램,#집스타그램,#신혼집,#신혼집인테리어,,,,,,,,,,,,,,,,,,,,,,,,,
#1401HOME??,#집밖은위험해,#스투키,#식물스타그램,#화분스타그램,#홈데코,#집꾸미기,#homedeco,#interior,#plant,#집스타그램,#홈스타그램,#하우스그램,#오늘의집,#꿀하우스,#위드테이블,#신혼집,#신혼집인테리어,#온더테이블,#ggumigi,#onthetable,#새댁,#새댁스타그램,#주부스타그램,,,,,,
#1401HOME??,,,,,,,,,,,,,,,,,,,,,,,,,,,,,
#메이앤슈가,#까페스타그램,#카페스타그램,#커피스타그램,#신혼부부,#일상,#데일리,#럽스타그램,#데이트그램,,,,,,,,,,,,,,,,,,,,,
#브런치,#핫케이크,#핫케익,#빵스타그램,#딸기스타그램,,,,,,,,,,,,,,,,,,,,,,,,,
,,,,,,,,,,,,,,,,,,,,,,,,,,,,,
#커피스타그램,#홈카페,#킨포크,#애크미,#새댁,#새댁일상,#데일리,#일상,,,,,,,,,,,,,,,,,,,,,,
#커피프린스,,,,,,,,,,,,,,,,,,,,,,,,,,,,,
#부산,#해운대,#해운대막창,#대창,#대창스타그램,#고기스타그램,#먹스타그램,#맛스타그램,#여행중,#여행스타그램,#존맛,#개맛,,,,,,,,,,,,,,,,,,
#스테이크,#안심스테이크,#홈쿡,#집밥,#요리스타그램,#고기스타그램,#먹스타그램,#데일리,#일상,#코스트코,#코스트코고기,,,,,,,,,,,,,,,,,,,
#온더테이블,#샐러드그램,#두부샐러드,#새댁밥상,#신혼부부밥상,#테이블그램,#집밥,#데일리,#일상,,,,,,,,,,,,,,,,,,,,,
,,,,,,,,,,,,,,,,,,,,,,,,,,,,,
#1401home??,#집스타그램,#홈스타그램,#홈스타일링,#홈인테리어,#패브릭소파,#홈데코,#거실인테리어,#데일리,#일상,,,,,,,,,,,,,,,,,,,,
#1401HOME??,#주방인테리어,#주방스타그램,#부엌인테리어,#부엌스타그램,#집꾸미기,#홈스타그램,#하우스그램,#꿀하우스,#위드테이블,#오늘의집,#ggumigi,#신혼집,#신혼집인테리어,#신혼집꾸미기,#셀프인테리어,#셀프리모델링,#홈데코,#데일리,#일상,#mykitchen,,,,,,,,,
,,,,,,,,,,,,,,,,,,,,,,,,,,,,,
#1401HOME??,#집스타그램,#홈스타그램,#홈스타일링,#구정마루,#신혼집,#신혼집인테리어,#셀프인테리어,#셀프리모델링,#새댁,#새댁일상,#데일리,#일상,,,,,,,,,,,,,,,,,
#눈스타그램,#데일리,#일상,#겨울,#스탠스미스,#스탠스미스핑크,,,,,,,,,,,,,,,,,,,,,,,,
#cafe_oao,,,,,,,,,,,,,,,,,,,,,,,,,,,,,
,,,,,,,,,,,,,,,,,,,,,,,,,,,,,
,,,,,,,,,,,,,,,,,,,,,,,,,,,,,
#inmypouch,#인마이파우치,#파우치,#파우치그램,#화장품그램,,,,,,,,,,,,,,,,,,,,,,,,,
,,,,,,,,,,,,,,,,,,,,,,,,,,,,,
#침실,#침실인테리어,#화이트인테리어,#시트지,#붙박이장,#셀프인테리어,#새댁스타그램,#데일리,#일상,#interior,,,,,,,,,,,,,,,,,,,,
,,,,,,,,,,,,,,,,,,,,,,,,,,,,,
#새댁일상,#새댁스타그램,#집스타그램,#홈스타그램,#데일리,#일상,,,,,,,,,,,,,,,,,,,,,,,,
#소격동,#삼청동,#장진우식당,#데이트그램,#럽스타그램,#무화과,#새댁,#새댁일상,#먹스타그램,#맛스타그램,#데일리,#일상,,,,,,,,,,,,,,,,,,
#로이스,#로이스초콜렛,#로이스녹차,#일요일,#공항가는길,#일요일그램,#새댁,#새댁일상,#신혼부부,#데일리,#일상,,,,,,,,,,,,,,,,,,,
,,,,,,,,,,,,,,,,,,,,,,,,,,,,,
#온더테이블,#onthetable,#토스트그램,#딸기,#프렌치토스트,#빵스타그램,#간식스타그램,#빵수니,#데일리,#일상,#홈데코,#테이블데코,#로바트,#큐티폴,#큐티폴고아,,,,,,,,,,,,,,,
#네스트호텔,#nesthotel,#결혼기념일,#1주년,#럽스타그램,#오오티디,#데일리룩,#오늘의코디,#ootd,#새댁스타그램,#부부스타그램,#신혼부부,#데일리,#일상,#인천,,,,,,,,,,,,,,,
#LG전기건조기,#전기건조기,#트롬건조기,#아줌마그램,#주부스타그램,#새댁일상,#데일리,#일상,,,,,,,,,,,,,,,,,,,,,,
#nesthotel,#네스트호텔,#더플라츠,#더플라츠조식,#조식스타그램,#신혼부부,#결혼기념일,#부부스타그램,#럽스타그램,#데일리,#일상,#일출,,,,,,,,,,,,,,,,,,
#집스타그램,#홈스타그램,#군고구마,#간식타임,#온더테이블,#onthetable,#fooddecor,#푸드데코,#홈데코,#꿀하우스,#위드테이블,#오늘의집,#하우스그램,#먹스타그램,#맛스타그램,#데일리푸드,#데일리,#일상,#큐티폴,#큐티폴고아,,,,,,,,,,
#홈데코,#부엌,#스프,#홈인테리어,#인테리어,#하우스그램,#위드테이블,#꿀하우스,#셀프인테리어,#신혼집,#신혼집인테리어,#인테이크,#창신리빙,#스타우브,#꼬꼬떼,,,,,,,,,,,,,,,
,,,,,,,,,,,,,,,,,,,,,,,,,,,,,
,,,,,,,,,,,,,,,,,,,,,,,,,,,,,
,,,,,,,,,,,,,,,,,,,,,,,,,,,,,
#커피스타그램,#카페스타그램,#플랫화이트,#치즈스콘,#커피수혈,#카페투어,#새댁스타그램,#새댁일상,#데일리,#일상,,,,,,,,,,,,,,,,,,,,
#온더테이블,#누텔라,#바나나토스트,#빵스타그램,#아메리카노,#커피스타그램,#홈카페,,,,,,,,,,,,,,,,,,,,,,,
,,,,,,,,,,,,,,,,,,,,,,,,,,,,,
,,,,,,,,,,,,,,,,,,,,,,,,,,,,,
#1401HOME??,#폴딩도어,#마스터체어,#신혼집인테리어,,,,,,,,,,,,,,,,,,,,,,,,,,
,,,,,,,,,,,,,,,,,,,,,,,,,,,,,
#아가스타그램,#애기스타그램,#베이비스타그램,#데일리,#일상,,,,,,,,,,,,,,,,,,,,,,,,,
,,,,,,,,,,,,,,,,,,,,,,,,,,,,,
,,,,,,,,,,,,,,,,,,,,,,,,,,,,,
,,,,,,,,,,,,,,,,,,,,,,,,,,,,,
,,,,,,,,,,,,,,,,,,,,,,,,,,,,,
,,,,,,,,,,,,,,,,,,,,,,,,,,,,,
#위드테이블선물대잔치,#위드테이블,#위드테이블밥상,#withtable,#데일리라이크,#오븐장갑,#오븐글러브,#집들이선물,#부엌스타그램,#키친스타그램,#부엌인테리어,#부엌소품,#주부스타그램,#새댁일상,#새댁스타그램,#신혼부부일상,#플라밍고,#데일리,#일상,,,,,,,,,,,
,,,,,,,,,,,,,,,,,,,,,,,,,,,,,
#필모어,#필모어레스토랑,#새댁스타그램,#신혼부부,#데이트그램,#럽스타그램,#온더테이블,#데일리,#일상,,,,,,,,,,,,,,,,,,,,,
#생일전야제,#튤립,#꽃스타그램,#신혼부부,#럽스타그램,#새댁일상,#새댁스타그램,#데일리,#일상,,,,,,,,,,,,,,,,,,,,,
#룸피니공원,#방콕스타그램,#방콕여행,#여행스타그램,#신혼부부,#데일리,#일상,,,,,,,,,,,,,,,,,,,,,,,
#위드테이블선물대잔치,#위드테이블,#위드테이블밥상,#withtable,#노르딕쉬,#플레이트,#그릇,#접시,#데일리라이크,#에이프런,#앞치마,#온더테이블,#주방소품,#키친스타그램,#홈카페,#플레이팅,#주부스타그램,#새댁스타그램,#새댁일상,#일요일일상,#감자버터구이,#오오티디,#데일리,#일상,,,,,,
,,,,,,,,,,,,,,,,,,,,,,,,,,,,,
,,,,,,,,,,,,,,,,,,,,,,,,,,,,,
#새댁스타그램,#신혼부부일상,#데일리,#주말일상,,,,,,,,,,,,,,,,,,,,,,,,,,
#신혼집,#신혼집인테리어,#홈데코,#데일리,#일상,,,,,,,,,,,,,,,,,,,,,,,,,
,,,,,,,,,,,,,,,,,,,,,,,,,,,,,
#샌드위치,#온더테이블,#새댁일상,#데일리,,,,,,,,,,,,,,,,,,,,,,,,,,
#생일스타그램,#위시티,#라무진,#양고기,#와인스타그램,#술스타그램,#럽스타그램,#신혼부부,#데일리,#일상,,,,,,,,,,,,,,,,,,,,
#나우나우나우,#커피스타그램,#카페스타그램,#새댁일상,#데이트그램,#신혼부부,#꿀월차,#데일리,#일상,,,,,,,,,,,,,,,,,,,,,
#ㅇㅠㅈㅡㅌㅜㄹㅌㅜㅅㅡㅂㅡㄹㅓㅅㅟ,#ㅇㅠㅈㅡㅌㅜㄹㅊㅣㅅㅅㅗㄹ,#ㅎㅘㅈㅏㅇㅅㅣㄹㅇㅣㄴㅌㅔㄹㅣㅇㅓ,,,,,,,,,,,,,,,,,,,,,,,,,,,
#홈데코,#집꾸미기,#집스타그램,#신혼집인테리어,,,,,,,,,,,,,,,,,,,,,,,,,,
#ㅇㅣㄹㅅㅏㄴ,#ㅇㅗㄹㅣㄹㄹㅣㄷㅗㄴㅓㅅ???,,,,,,,,,,,,,,,,,,,,,,,,,,,,
#1401HOME??,#스투키,#화장실인테리어,#홈데코,#마비스,,,,,,,,,,,,,,,,,,,,,,,,,
#1401home??,#베란다인테리어,#베란다문,#베란다도어,#신혼집인테리어,#셀프인테리어,#새댁일상,#데일리,#일상,,,,,,,,,,,,,,,,,,,,,
,,,,,,,,,,,,,,,,,,,,,,,,,,,,,
,,,,,,,,,,,,,,,,,,,,,,,,,,,,,
#비엔나커피,#커피스타그램,#카페스타그램,,,,,,,,,,,,,,,,,,,,,,,,,,,
,,,,,,,,,,,,,,,,,,,,,,,,,,,,,
,,,,,,,,,,,,,,,,,,,,,,,,,,,,,
,,,,,,,,,,,,,,,,,,,,,,,,,,,,,
,,,,,,,,,,,,,,,,,,,,,,,,,,,,,
,,,,,,,,,,,,,,,,,,,,,,,,,,,,,
#그래놀라,#요거트,#홈카페,#onthetable,#강다니엘,#주말일상,#새댁일상,#신혼부부,,,,,,,,,,,,,,,,,,,,,,
,,,,,,,,,,,,,,,,,,,,,,,,,,,,,
,,,,,,,,,,,,,,,,,,,,,,,,,,,,,
,,,,,,,,,,,,,,,,,,,,,,,,,,,,,
,,,,,,,,,,,,,,,,,,,,,,,,,,,,,
#일산,#정발산동,#양지미식당,#원테이블식당,#일산맛집,#먹스타그램,#맛스타그램,#월차,#럽스타그램,#데이트그램,#신혼부부,#오빠랑,#여부랑,#새댁,#새댁그타그램,#데일리,#일상,,,,,,,,,,,,,
,,,,,,,,,,,,,,,,,,,,,,,,,,,,,
#양지미식당,#원테이블,#먹스타그램,#맛스타그램,#봉골레,#치킨커리,#일산맛집,#데일리,#일상,#데이트그램,#럽스타그램,#온더테이블,,,,,,,,,,,,,,,,,,
,,,,,,,,,,,,,,,,,,,,,,,,,,,,,
#네일스타그램,#젤네일,#둥근프렌치,#프렌치네일,#핑크글리터,#일상,#데일리,#오오티디,#젤라또네일,,,,,,,,,,,,,,,,,,,,,
#새댁,#신혼부부,#꽃스타그램,#카네이션,#꽃다발,#어버이날,,,,,,,,,,,,,,,,,,,,,,,,
#크리스피크림도넛,#크리스피도넛,#홀리데이더즌,#크리스마스,#크리스마스이브,#메리크리스마스,,,,,,,,,,,,,,,,,,,,,,,,
,,,,,,,,,,,,,,,,,,,,,,,,,,,,,
,,,,,,,,,,,,,,,,,,,,,,,,,,,,,
#국물떡볶이,#유부초밥,#계란찜,#온더테이블,#홈쿡,#집밥,#새댁스타그램,#새댁,#신혼부부,#신혼집,#홈데코,#일상,,,,,,,,,,,,,,,,,,
#베란다테이블,#2100테이블,#베란다인테리어,#베란다꾸미기,#블랙테이블,#HAY테이블,#신혼집인테리어,#셀프인테리어,#새댁스타그램,#새댁일상,#데일리,#일상,#1401HOME??,,,,,,,,,,,,,,,,,
#바나나테이블,#상수카페,#머핀,#컵케익,#빵스타그램,#새댁일상,#새댁스타그램,#카페스타그램,#먹스타그램,#데일리,#일상,,,,,,,,,,,,,,,,,,,
#1401HOME??,#집스타그램,#daily,#interior,,,,,,,,,,,,,,,,,,,,,,,,,,
#1401home??,#집스타그램,#홈스타그램,#홈스윗홈,#거실스타그램,#패브릭소파,#극락조,#폴딩도어,#그레이벽지,#거실인테리어,#신혼집인테리어,#셀프인테리어,#꿀하우스,#위드테이블,#하우스그램,#housegram,#집꾸미기,#오늘의집,#홈데코,#홈카페,#홈스타일링,#온더테이블,#새댁일상,#새댁스타그램,#데일리,#일상,,,,
#출근길,#오오티디,#옷스타그램,#새댁,#새댁스타그램,#데일리,#일상,,,,,,,,,,,,,,,,,,,,,,,
#온더테이블,#김치볶음밥,#먹스타그램,#맛스타그램,#데일리,#일상,,,,,,,,,,,,,,,,,,,,,,,,
#카페왈츠,#커피스타그램,#카페스타그램,#새댁일상,#새댁스타그램,#신혼부부일상,,,,,,,,,,,,,,,,,,,,,,,,
#유칼립투스,#식물스타그램,#알렉스더커피,#플렌테이션,#카페,#카페스타그램,#일상,#데일리,#새댁,#새댁스타그램,,,,,,,,,,,,,,,,,,,,
#먹스타그램,#맛스타그램,#파스타그램,#온더테이블,#낮맥,#데일리,#일상,,,,,,,,,,,,,,,,,,,,,,,
#해피뉴이어,#새해복많이받으세요??,#happynewyear,,,,,,,,,,,,,,,,,,,,,,,,,,,
#경리단길,#이태원,#새댁스타그램,#꿀휴무,#데일리,#일상,,,,,,,,,,,,,,,,,,,,,,,,
#1401HOME??,#데일리,#일상,#daily,#today,,,,,,,,,,,,,,,,,,,,,,,,,
#카페스타그램,#커피스타그램,#새댁스타그램,#데일리,#일상,,,,,,,,,,,,,,,,,,,,,,,,,
#홈스타그램,#비좋아,#비와라,#애크미,#애크미튤립,#신혼부부,#셀프인테리어,#인테리어,#감성사진,#새댁,#새댁스타그램,#집스타그램,#꿀하우스,#위드테이블,#하우스그램,#오늘의집,#결혼준비,#거실,#신혼집,#신혼집인테리어,#신혼집거실,#거실인테리어,#온더테이블,#오오티디,#패브릭,#침구,#신혼집침실,#침실꾸미기,#데일리,#일상
#1401HOME??,#온더테이블,#홈카페,#새댁,#새댁스타그램,#집스타그램,#홈스타그램,#먹스타그램,#맛스타그램,#아메리카노,#체리??,#커피스타그램,#휴일,#휴무,#데일리,#일상,#실버라이닝플레이북,,,,,,,,,,,,,
,,,,,,,,,,,,,,,,,,,,,,,,,,,,,
#온더테이블,#먹스타그램,#맛스타그램,#브런치,#데일리,#일상,#홈카페,#홈까페,,,,,,,,,,,,,,,,,,,,,,
#1401HOME??,#집스타그램,#홈스타그램,#홈데코,#온더테이블,#한샘도어,#집꾸미기,#셀프인테리어,#신혼집인테리어,#인테리어,#인테리어소품,#새댁스타그램,#새댁일상,#데일리,#일상,,,,,,,,,,,,,,,
#아보카도샌드위치,#샌드위치,#빵스타그램,#브런치,#온더테이블,#루어팍,#체리,#라르마도마,#새댁일상,#새댁스타그램,#먹스타그램,#데일리,#일상,,,,,,,,,,,,,,,,,
#플랜테이션,#알렉스더커피,#카페,#까페,#카페스타그램,#데일리,#일상,,,,,,,,,,,,,,,,,,,,,,,
#플랜테이션,#알렉스더커피,#카페스타그램,#새댁,#새댁스타그램,#데일리,#일상,,,,,,,,,,,,,,,,,,,,,,,
,,,,,,,,,,,,,,,,,,,,,,,,,,,,,
,,,,,,,,,,,,,,,,,,,,,,,,,,,,,
#뉴네일,#젤네일,#스마일네일,#하트네일,#여름네일,#둥근프렌치,#네일스타그램,#젤스타그램,#프렌치네일,#글리터네일,#오오티디,#옷스타그램,#새댁,#새댁스타그램,#젤라또네일,#데일리,#일상,,,,,,,,,,,,,
#하늘,#구름,#예쁜하늘,#노필터,#데일리,#일상,,,,,,,,,,,,,,,,,,,,,,,,
#1401HOME??,,,,,,,,,,,,,,,,,,,,,,,,,,,,,
#우먼김치,#온더테이블,#집밥,#저녁밥상,#신혼밥상,#오야코동,#미소시루,#백김치,#묵은지,#부추김치,#김치,#돈부리,#새댁,#신혼부부,#먹스타그램,#맛스타그램,#위드테이블밥상,#데일리,#일상,,,,,,,,,,,
#이소라콘서트,#거실인테리어,#거실스타그램,#새댁일상,#데일리,#일상,,,,,,,,,,,,,,,,,,,,,,,,
,,,,,,,,,,,,,,,,,,,,,,,,,,,,,
#셀러투래프터,#집스타그램,#홈스타그램,#새댁일상,#신혼부부,#주말스타그램,#데일리,#일상,,,,,,,,,,,,,,,,,,,,,,
#네스트호텔,#nesthotel,#결혼기념일,#데이트그램,#럽스타그램,#신혼부부,#부부스타그램,#가을,#갈대,#가을스타그램,#autumn,#새댁,#새댁스타그램,#데일리,#일상,,,,,,,,,,,,,,,
#스마일네일,#둥근프렌치,#젤네일,#여름네일,#네일스타그램,#수영장,#새댁,#새댁스타그램,#데일리,#일상,#오오티디,,,,,,,,,,,,,,,,,,,
#데일리,#일상,,,,,,,,,,,,,,,,,,,,,,,,,,,,
#1401HOME??,#키친스타그램,#부엌스타그램,#부엌인테리어,#새댁일상,#새댁스타그램,#집스타그램,#홈스타그램,#데일리,#일상,,,,,,,,,,,,,,,,,,,,
#연남동,#찹스테이크,#루꼴라,#고르곤졸라,#먹스타그램,#맛스타그램,#새댁,#새댁스타그램,#일상,#데일리,,,,,,,,,,,,,,,,,,,,
#a2500i,,,,,,,,,,,,,,,,,,,,,,,,,,,,,
#액자,#신혼집,#신혼집인테리어,#셀프인테리어,#홈스타그램,#집스타그램,#홈데코,#홈스타일링,#꿀하우스,#하우스그램,#위드테이블,#오늘의집,,,,,,,,,,,,,,,,,,
,,,,,,,,,,,,,,,,,,,,,,,,,,,,,
,,,,,,,,,,,,,,,,,,,,,,,,,,,,,
,,,,,,,,,,,,,,,,,,,,,,,,,,,,,
#1401HOME??,#집스타그램,#홈스타그램,#패브릭소파,#새댁,#꿀주말,#데일리,#일상,,,,,,,,,,,,,,,,,,,,,,
,,,,,,,,,,,,,,,,,,,,,,,,,,,,,
#크리스마스,#크리스마스파티,#송년회,#홈파티,#테이블데코,#룬라핀,,,,,,,,,,,,,,,,,,,,,,,,
#마켓컬리,#당근컵케익,#당근케익,#당근컵케이크,#컵케이크,#일요일아침,#새댁아침,#새댁일상,#새댁스타그램,#먹스타그램,#빵스타그램,#데일리,#일상,,,,,,,,,,,,,,,,,
#브런치,#온더테이블,#홈쿡,#홈카페,#홈까페,#홈메이드,#먹스타그램,#맛스타그램,#푸드스타그램,#새댁스타그램,#플레이팅,,,,,,,,,,,,,,,,,,,
#필모어,#일산,#새댁스타그램,#새댁일상,#신혼부부,#데일리,#일상,,,,,,,,,,,,,,,,,,,,,,,
,,,,,,,,,,,,,,,,,,,,,,,,,,,,,
,,,,,,,,,,,,,,,,,,,,,,,,,,,,,
#카시오,#카시오시계,#가죽시계,#클래식시계,#린넨스커트,#랩스커트,#오늘의옷,#옷스타그램,#오오티디,#ootd,#새댁일상,#새댁스타그램,#신혼부부,#데일리,#일상,,,,,,,,,,,,,,,
#인터컨티넨탈호텔,#평창,#호텔놀이,#굿모닝,#럽스타그램,#신혼부부,#데일리,#일상,,,,,,,,,,,,,,,,,,,,,,
,,,,,,,,,,,,,,,,,,,,,,,,,,,,,
,,,,,,,,,,,,,,,,,,,,,,,,,,,,,
#럽스타그램,#신혼부부,#새댁,#일상,#데일리,#폭풍인스타,,,,,,,,,,,,,,,,,,,,,,,,
,,,,,,,,,,,,,,,,,,,,,,,,,,,,,
,,,,,,,,,,,,,,,,,,,,,,,,,,,,,
#온더테이블,#간단레시피,#마약감자,#맥주안주,#먹스타그램,#맛스타그램,#데일리,#일상,,,,,,,,,,,,,,,,,,,,,,
#드레스룸,#옷방,#시스템장,#집스타그램,#주부스타그램,#새댁,#새댁일상,#신혼부부,#주말스타그램,#오오티디,,,,,,,,,,,,,,,,,,,,
#거실테이블,#베란다테이블,#블랙테이블,#블랙의자,#블랙식탁,#벤치의자,#테이블공구,#HAY테이블,#HAY,#가구스타그램,#데일리,#일상,,,,,,,,,,,,,,,,,,
,,,,,,,,,,,,,,,,,,,,,,,,,,,,,
,,,,,,,,,,,,,,,,,,,,,,,,,,,,,
,,,,,,,,,,,,,,,,,,,,,,,,,,,,,
#오오티디,#데일리룩,#옷스타그램,#외출준비,#새댁일상,#새댁스타그램,#신혼부부일상,#데일리,#일상,,,,,,,,,,,,,,,,,,,,,
,,,,,,,,,,,,,,,,,,,,,,,,,,,,,
#백미당,#맛있당,#현대백화점,#새댁,#새댁일상,#데일리,#일상,,,,,,,,,,,,,,,,,,,,,,,
#1401HOME??,#대청소,#청소,#집스타그램,#새댁,#새댁스타그램,#신혼집,#데일리,#일상,,,,,,,,,,,,,,,,,,,,,
,,,,,,,,,,,,,,,,,,,,,,,,,,,,,
,,,,,,,,,,,,,,,,,,,,,,,,,,,,,
,,,,,,,,,,,,,,,,,,,,,,,,,,,,,
,,,,,,,,,,,,,,,,,,,,,,,,,,,,,
,,,,,,,,,,,,,,,,,,,,,,,,,,,,,
#4인용식탁,#6인용식탁,#테이블,#식탁,#원목식탁,#거실테이블,#블랙테이블,#블랙식탁,#신혼집인테리어,#거실인테리어,#베란다인테리어,#신혼집꾸미기,#베란다테이블,#헤이테이블,#홈카페,#데일리,#일상,,,,,,,,,,,,,
#벨라시타,#일산벨라시타,#메가박스부티크,#신혼부부,#럽스타그램,#데이트그램,#컨택트,#데일리,#일상,,,,,,,,,,,,,,,,,,,,,
#커피스타그램,#호텔스타그램,#JW메리어트,#JW메리어트동대문,#JW메리어트호텔,#신혼부부,#새댁,#새댁스타그램,#럽스타그램,#데이트그램,#휴가,#데일리,#일상,#온더테이블,,,,,,,,,,,,,,,,
#필모어,#남편생일,#선물필요없다며,#살치살스테이크,#봉골레,#파스타,#럽스타그램,#신혼부부,#신혼부부일상,#데일리,#일상,#먹스타그램,,,,,,,,,,,,,,,,,,
,,,,,,,,,,,,,,,,,,,,,,,,,,,,,
#필모어레스토랑,#필모어,,,,,,,,,,,,,,,,,,,,,,,,,,,,
#조르단,#조르단로퍼,#구찌로퍼,,,,,,,,,,,,,,,,,,,,,,,,,,,
,,,,,,,,,,,,,,,,,,,,,,,,,,,,,
#카페,#카페스타그램,#카페투어,#스트링포켓,#새댁,#데일리,#일상,,,,,,,,,,,,,,,,,,,,,,,
,,,,,,,,,,,,,,,,,,,,,,,,,,,,,
#주말,#새댁,#새댁일상,#집스타그램,#데일리,#일상,,,,,,,,,,,,,,,,,,,,,,,,
,,,,,,,,,,,,,,,,,,,,,,,,,,,,,
#1401home??,#집스타그램,#홈스타그램,#새댁일상,#데일리,,,,,,,,,,,,,,,,,,,,,,,,,
,,,,,,,,,,,,,,,,,,,,,,,,,,,,,
#권혁수,#동족발견,#온더테이블,#브런치그램,#홈쿡,#집밥,#홈메이드,#쿡스타그램,#크로아상,#크로아상샌드위치,#신혼부부밥상,#신혼부부일상,#데일리,#일상,,,,,,,,,,,,,,,,
#거실러그,#거실카페트,#거실인테리어,#러그,#카페트,#신혼집,#신혼집인테리어,#새댁일상,#데일리,#interior,,,,,,,,,,,,,,,,,,,,
#온더테이블,#홈카페,#애크미,#애크미컵,#킨포크,#커피스타그램,#아메리카노,#새댁,#새댁일상,#데일리,#일상,#일요일그램,,,,,,,,,,,,,,,,,,
,,,,,,,,,,,,,,,,,,,,,,,,,,,,,
,,,,,,,,,,,,,,,,,,,,,,,,,,,,,
,,,,,,,,,,,,,,,,,,,,,,,,,,,,,
,,,,,,,,,,,,,,,,,,,,,,,,,,,,,
,,,,,,,,,,,,,,,,,,,,,,,,,,,,,
,,,,,,,,,,,,,,,,,,,,,,,,,,,,,
#드라이플라워,#스티파,#스티파페나타,#프리저브드,#꽃스타그램,#집스타그램,#새댁일상,#새댁스타그램,#신혼부부일상,#데일리,#일상,,,,,,,,,,,,,,,,,,,
#소격동장진우식당,#장진우식당,#온더테이블,#onthetable,#먹스타그램,#맛스타그램,#새댁스타그램,#데일리,#일상,,,,,,,,,,,,,,,,,,,,,
,,,,,,,,,,,,,,,,,,,,,,,,,,,,,
,,,,,,,,,,,,,,,,,,,,,,,,,,,,,
,,,,,,,,,,,,,,,,,,,,,,,,,,,,,
,,,,,,,,,,,,,,,,,,,,,,,,,,,,,
#1401HOME??,#집스타그램,#홈스타그램,#새댁일상,#데일리,#일상,#구정마루,,,,,,,,,,,,,,,,,,,,,,,
,,,,,,,,,,,,,,,,,,,,,,,,,,,,,
#라르마도마라르마,#위드테이블,#위드테이블밥상,#라르마,#라르마나무도마,#라르마가구공방,#나무도마,#우드도마,#온더테이블,#플레이팅,#데일리,#일상,,,,,,,,,,,,,,,,,,
,,,,,,,,,,,,,,,,,,,,,,,,,,,,,
#타르타르,#타르트,#타르트그램,#빵스타그램,#onthetable,#온더테이블,#애크미,#먹스타그램,#맛스타그램,#데일리,#일상,,,,,,,,,,,,,,,,,,,
,,,,,,,,,,,,,,,,,,,,,,,,,,,,,
,,,,,,,,,,,,,,,,,,,,,,,,,,,,,
,,,,,,,,,,,,,,,,,,,,,,,,,,,,,
,,,,,,,,,,,,,,,,,,,,,,,,,,,,,
#1401HOME??,#주말스타그램,#집스타그램,#홈카페,#오늘의음악,#음악스타그램,#노래스타그램,#노래추천,#offonoff,#온더테이블,#onthetable,#홈카페,#homecafe,#데일리,#일상,#주말일상,#새댁일상,,,,,,,,,,,,,
,,,,,,,,,,,,,,,,,,,,,,,,,,,,,
#양지미식당,#감자뇨끼,#온더테이블,#onthetable,#먹스타그램,#맛스타그램,#일상,#데일리,,,,,,,,,,,,,,,,,,,,,,
,,,,,,,,,,,,,,,,,,,,,,,,,,,,,
,,,,,,,,,,,,,,,,,,,,,,,,,,,,,
,,,,,,,,,,,,,,,,,,,,,,,,,,,,,
#lejour,#르주르,#섬유유연제,#세탁세제,#새댁스타그램,#주부스타그램,#데일리,#일상,,,,,,,,,,,,,,,,,,,,,,
#슬링백샌들,#슬링백,#가을샌들,#오오티디,#ootd,#데일리룩,#아웃핏,#신발스타그램,#새댁,#새댁일상,#데일리,#일상,,,,,,,,,,,,,,,,,,
,,,,,,,,,,,,,,,,,,,,,,,,,,,,,
,,,,,,,,,,,,,,,,,,,,,,,,,,,,,
#1401HOME??,#폴딩도어,#집스타그램,#홈스타그램,#구정마루,#새댁일상,#새댁,#셀프인테리어,#패브릭소파,#데일리,#일상,,,,,,,,,,,,,,,,,,,
,,,,,,,,,,,,,,,,,,,,,,,,,,,,,
,,,,,,,,,,,,,,,,,,,,,,,,,,,,,
,,,,,,,,,,,,,,,,,,,,,,,,,,,,,
,,,,,,,,,,,,,,,,,,,,,,,,,,,,,
#집스타그램,#거실인테리어,#신혼집인테리어,,,,,,,,,,,,,,,,,,,,,,,,,,,
#제품명,#1401HOME,#어라운드테이블,#플랫화이트테이블,#1401HOME,#거실인테리어,#신혼집,#신혼집인테리어,#집꾸미기,,,,,,,,,,,,,,,,,,,,,
,,,,,,,,,,,,,,,,,,,,,,,,,,,,,
#새댁,#새댁일상,#그릇,#접시,#플레이트,#플레이팅,#온더테이블,#홈데코,#테이블셋팅,#데일리,#일상,,,,,,,,,,,,,,,,,,,
#양평,#양평풀빌라,#풀빌라림,#신혼부부일상,#럽스타그램,#데이트그램,#새댁일상,#새댁스타그램,#데일리,,,,,,,,,,,,,,,,,,,,,
#네스트호텔,#nesthotel,#럽스타그램,#결혼기념일,#결기,#1주년,#부부스타그램,#새댁스타그램,#새댁일상,#호텔스타그램,#데일리,,,,,,,,,,,,,,,,,,,
,,,,,,,,,,,,,,,,,,,,,,,,,,,,,
#1401home??,#극락조,#블루투스스피커,#집스타그램,#홈스타그램,#새댁일상,#새댁스타그램,#데일리,#일상,,,,,,,,,,,,,,,,,,,,,
,,,,,,,,,,,,,,,,,,,,,,,,,,,,,
,,,,,,,,,,,,,,,,,,,,,,,,,,,,,
#사각쿠션,#쿠션커버,#소파쿠션,#인테리어쿠션,#패브릭쿠션,#인테리어소품,#거실소품,#신혼집소품,#cushion,#homedecor,,,,,,,,,,,,,,,,,,,,
,,,,,,,,,,,,,,,,,,,,,,,,,,,,,
#온더테이블,#신혼밥상,#알밤막걸리,#막걸리그램,#홈쿡,#삼겹살그램,#고기스타그램,#먹스타그램,#맛스타그램,#데일리,#일상,,,,,,,,,,,,,,,,,,,
#럽스타그램,#럽럽럽,#신혼,#신혼부부,#결혼기념일,#일주년,#너무좋당,#내사랑,#피스피스,#초코브릭파이,#바나나파이,#브릭파이,#새댁,#데일리,#일상,,,,,,,,,,,,,,,
#1401home??,#집스타그램,#홈스타그램,#신혼집,#극락조,#화분,#샤오미공기청정기,#미에어,#거실장,#새댁일상,#데일리,,,,,,,,,,,,,,,,,,,
,,,,,,,,,,,,,,,,,,,,,,,,,,,,,
,,,,,,,,,,,,,,,,,,,,,,,,,,,,,
#신혼부부일상,#데이트그램,#럽스타그램,#카페스타그램,#데일리,#일상,,,,,,,,,,,,,,,,,,,,,,,,
,,,,,,,,,,,,,,,,,,,,,,,,,,,,,
#백석카페,#벨라시타,#틸앤비,#커피스타그램,#카페투어,#커피수혈,#새댁일상,#데일리,#일상,,,,,,,,,,,,,,,,,,,,,
#새댁일상,#데일리,#일상,,,,,,,,,,,,,,,,,,,,,,,,,,,
#1401HOME??,#고기파티,#삼겹살,#채끝살,#고기스타그램,#먹스타그램,#맛스타그램,#온더테이블,#신혼밥상,#홈메이드,#홈쿡,#플레이팅,#새댁밥상,#새댁일상,#위드테이블밥상,#노르딕쉬,#데일리,#일상,,,,,,,,,,,,
#공동구매여러분,,,,,,,,,,,,,,,,,,,,,,,,,,,,,
#카페스타그램,#커피스타그램,#새댁일상,#데일리,#일상,,,,,,,,,,,,,,,,,,,,,,,,,
#망원동,#망원동카페,#카페스타그램,#카페투어,#데이트그램,#럽스타그램,#샌드위치,#새댁,#새댁일상,#데일리,#일상,,,,,,,,,,,,,,,,,,,
,,,,,,,,,,,,,,,,,,,,,,,,,,,,,
#럽스타그램,#데이트그램,#신혼부부,#부부스타그램,#새댁,#새댁일상,#데일리,#일상,#데일리룩,#오오티디,#오늘의코디,#ootd,,,,,,,,,,,,,,,,,,
,,,,,,,,,,,,,,,,,,,,,,,,,,,,,
#커피스타그램,#카페투어,#망원동,#새댁일상,#새댁스타그램,#데일리,#일상,,,,,,,,,,,,,,,,,,,,,,,
#도깨비앓이,#공유는공유합시다??,,,,,,,,,,,,,,,,,,,,,,,,,,,,
,,,,,,,,,,,,,,,,,,,,,,,,,,,,,
,,,,,,,,,,,,,,,,,,,,,,,,,,,,,
#바나나테이블,#리틀케롯,#당근머핀,#상수동카페,#컵케이크,#머핀,#빵스타그램,#카페스타그램,#새댁일상,#새댁스타그램,#먹스타그램,#데일리,#일상,,,,,,,,,,,,,,,,,
#1401home??,#부엌스타그램,#키친스타그램,#새댁일상,#새댁스타그램,#신혼부부,#주말일상,,,,,,,,,,,,,,,,,,,,,,,
#1401HOME??,#쿨이너프스튜디오,#쿨이너프,#coolenoughstudio,#coolenough,#haveaniceyear,#달력,#액자,#포스터,#홈데코,#인테리어용품,#새해선물,#집들이선물,#신혼집선물,,,,,,,,,,,,,,,,
,,,,,,,,,,,,,,,,,,,,,,,,,,,,,
,,,,,,,,,,,,,,,,,,,,,,,,,,,,,
#1401HOME??,#집스타그램,#홈스윗홈,#거실스타그램,#패브릭소파,#새댁일상,#새댁스타그램,#데일리,#일상,,,,,,,,,,,,,,,,,,,,,
,,,,,,,,,,,,,,,,,,,,,,,,,,,,,
#커피스타그램,#까페스타그램,#카페스타그램,,,,,,,,,,,,,,,,,,,,,,,,,,,
,,,,,,,,,,,,,,,,,,,,,,,,,,,,,
,,,,,,,,,,,,,,,,,,,,,,,,,,,,,
,,,,,,,,,,,,,,,,,,,,,,,,,,,,,
#큐어릿,#퍼펙트5오일,#카렌듈라샴푸,#천연샴푸,#아르간오일,#코코넛오일,#천연오일,#헤어오일,#헤어용품,#헤어관리,#뷰티스타그램,#새댁일상,#새댁스타그램,#데일리,#일상,#1401HOME??,,,,,,,,,,,,,,
,,,,,,,,,,,,,,,,,,,,,,,,,,,,,
,,,,,,,,,,,,,,,,,,,,,,,,,,,,,
#1401HOME??,#크리스마스,#크리스마스파티,#홈파티,#테이블데코,#홈데코,#홈카페,#베란다인테리어,,,,,,,,,,,,,,,,,,,,,,
#닉나이트,#닉나이트사진전,#대림미술관,#새댁일상,#데일리,#일상,,,,,,,,,,,,,,,,,,,,,,,,
,,,,,,,,,,,,,,,,,,,,,,,,,,,,,
#바나나테이블,#마루케이크,,,,,,,,,,,,,,,,,,,,,,,,,,,,
,,,,,,,,,,,,,,,,,,,,,,,,,,,,,
,,,,,,,,,,,,,,,,,,,,,,,,,,,,,
,,,,,,,,,,,,,,,,,,,,,,,,,,,,,
,,,,,,,,,,,,,,,,,,,,,,,,,,,,,
,,,,,,,,,,,,,,,,,,,,,,,,,,,,,
,,,,,,,,,,,,,,,,,,,,,,,,,,,,,
#네이버메인,#네이버님감사합니다,#신나신나,#신혼집인테리어,#셀프인테리어,#반셀프인테리어,#신혼부부,#새댁,#새댁일상,#새댁스타그램,#데일리,#일상,,,,,,,,,,,,,,,,,,
,,,,,,,,,,,,,,,,,,,,,,,,,,,,,
,,,,,,,,,,,,,,,,,,,,,,,,,,,,,
#골드메달애플쥬스,#애플쥬스,#온더테이블,#홈카페,#새댁일상,#데일리,#일상,,,,,,,,,,,,,,,,,,,,,,,
,,,,,,,,,,,,,,,,,,,,,,,,,,,,,
,,,,,,,,,,,,,,,,,,,,,,,,,,,,,
,,,,,,,,,,,,,,,,,,,,,,,,,,,,,
#NAME?,,,,,,,,,,,,,,,,,,,,,,,,,,,,,
#캠핑스타그램,,,,,,,,,,,,,,,,,,,,,,,,,,,,,
,,,,,,,,,,,,,,,,,,,,,,,,,,,,,
,,,,,,,,,,,,,,,,,,,,,,,,,,,,,
,,,,,,,,,,,,,,,,,,,,,,,,,,,,,
,,,,,,,,,,,,,,,,,,,,,,,,,,,,,
,,,,,,,,,,,,,,,,,,,,,,,,,,,,,
,,,,,,,,,,,,,,,,,,,,,,,,,,,,,
,,,,,,,,,,,,,,,,,,,,,,,,,,,,,
,,,,,,,,,,,,,,,,,,,,,,,,,,,,,
#필모어,#봉골레,#파티파티,#신혼부부,#남편생일,#신혼부부그램,#데이트그램,#럽스타그램,#데일리,#일상,#먹스타그램,,,,,,,,,,,,,,,,,,,
,,,,,,,,,,,,,,,,,,,,,,,,,,,,,
#1401home??,#이케아식탁,#이케아테이블,#홈카페,#부엌인테리어,#블랙테이블,#블랙식탁,#새댁스타그램,#데일리,#일상,,,,,,,,,,,,,,,,,,,,
,,,,,,,,,,,,,,,,,,,,,,,,,,,,,
#새댁일상,#신혼부부,#럽스타그램,#데일리,#일상,,,,,,,,,,,,,,,,,,,,,,,,,
,,,,,,,,,,,,,,,,,,,,,,,,,,,,,
,,,,,,,,,,,,,,,,,,,,,,,,,,,,,
,,,,,,,,,,,,,,,,,,,,,,,,,,,,,
,,,,,,,,,,,,,,,,,,,,,,,,,,,,,
,,,,,,,,,,,,,,,,,,,,,,,,,,,,,
#1401home??,#키친스타그램,#부엌인테리어,#부엌스타그램,#그레이인테리어,#새댁스타그램,#주말일상,#데일리,,,,,,,,,,,,,,,,,,,,,,
#쿠션커버,#소파쿠션,#쿠션,#인테리어쿠션,#새댁스타그램,#새댁일상,#데일리,,,,,,,,,,,,,,,,,,,,,,,
,,,,,,,,,,,,,,,,,,,,,,,,,,,,,
,,,,,,,,,,,,,,,,,,,,,,,,,,,,,
,,,,,,,,,,,,,,,,,,,,,,,,,,,,,
,,,,,,,,,,,,,,,,,,,,,,,,,,,,,
#니트,#데일리룩,#오오티디,#옷스타그램,#오늘의옷,#새댁일상,#새댁스타그램,#데일리,#일상,,,,,,,,,,,,,,,,,,,,,
,,,,,,,,,,,,,,,,,,,,,,,,,,,,,
,,,,,,,,,,,,,,,,,,,,,,,,,,,,,
,,,,,,,,,,,,,,,,,,,,,,,,,,,,,
,,,,,,,,,,,,,,,,,,,,,,,,,,,,,
,,,,,,,,,,,,,,,,,,,,,,,,,,,,,
,,,,,,,,,,,,,,,,,,,,,,,,,,,,,
,,,,,,,,,,,,,,,,,,,,,,,,,,,,,
,,,,,,,,,,,,,,,,,,,,,,,,,,,,,
,,,,,,,,,,,,,,,,,,,,,,,,,,,,,
,,,,,,,,,,,,,,,,,,,,,,,,,,,,,
#호연스테이,#제주여행,#제주펜션,#데이트그램,#부부스타그램,#신혼부부,#신혼부부여행,#새댁일상,#데일리,#일상,,,,,,,,,,,,,,,,,,,,
,,,,,,,,,,,,,,,,,,,,,,,,,,,,,
,,,,,,,,,,,,,,,,,,,,,,,,,,,,,
#1401home??,#패브릭소파,#러그,#쿠션커버,#집스타그램,#셀프인테리어,#신혼집,#신혼집인테리어,#새댁일상,#데일리,,,,,,,,,,,,,,,,,,,,
#사케동,#연어덮밥,#온더테이블,#새댁밥상,#신혼부부밥상,#집밥,#홈쿡,#홈메이드,#쿡스타그램,#꿀하우스테이블,#위드테이블밥상,#먹스타그램,#데일리그램,#주말,#일상스타그램,,,,,,,,,,,,,,,
#일산카페,#카페스타그램,#카페투어,#커피수혈,#데이트그램,#신혼부부,#신혼부부일상,#데일리그램,#일상스타그램,,,,,,,,,,,,,,,,,,,,,
#양지미식당,#봉골레,#로스트치킨커리,#파스타그램,#먹스타그램,#신혼부부일상,#온더테이블,#새댁스타그램,#데이트그램,#이벤트진행중,#데일리,#일상,,,,,,,,,,,,,,,,,,
#ㅇㅐㅍㅡㄹㅇㅝㅊㅣ6,,,,,,,,,,,,,,,,,,,,,,,,,,,,,
#1401home??,#베란다인테리어,#블랙테이블,#블랙식탁,#거실테이블,#베란다테이블,#새댁일상,#데일리,#일상,,,,,,,,,,,,,,,,,,,,,
#카페스타그램,#커피스타그램,#커피수혈,#새댁일상,#새댁스타그램,#신혼부부일상,#데이트그램,#럽스타그램,#데일리,#일상,,,,,,,,,,,,,,,,,,,,
,,,,,,,,,,,,,,,,,,,,,,,,,,,,,
#아메리카노,#커피스타그램,#홈카페,#커피수혈,#새댁일상,#새댁스타그램,#데일리,#일상,,,,,,,,,,,,,,,,,,,,,,
,,,,,,,,,,,,,,,,,,,,,,,,,,,,,
,,,,,,,,,,,,,,,,,,,,,,,,,,,,,
#에이솝,#이솝,#이솝핸드워시,#이벤트,#리그램이벤트,#공유이벤트,#이벤트진행중,#뷰티스타그램,#새댁일상,#새댁스타그램,#데일리,#일상,,,,,,,,,,,,,,,,,,
,,,,,,,,,,,,,,,,,,,,,,,,,,,,,
#집사진에뜬금없는곱창추천,#1401home??,,,,,,,,,,,,,,,,,,,,,,,,,,,,
,,,,,,,,,,,,,,,,,,,,,,,,,,,,,
#그래놀라,#온더테이블,#새댁일상,#데일리,#일상,,,,,,,,,,,,,,,,,,,,,,,,,
#일산카페,#화이트브릭,,,,,,,,,,,,,,,,,,,,,,,,,,,,
#닉나이트,#닉나이트사진전,#대림미술관,#새댁스타그램,#데일리,#일상,,,,,,,,,,,,,,,,,,,,,,,,
,,,,,,,,,,,,,,,,,,,,,,,,,,,,,
,,,,,,,,,,,,,,,,,,,,,,,,,,,,,
#화병,#꽃병,#도자기,#오브제,#소품,#공동구매,#홈데코,#신혼집,#신혼집소품,#신혼집인테리어,#식물인테리어,#인테리어,#거실인테리어,#부엌인테리어,#셀프인테리어,#신혼집꾸미기,#홈카페,#집꾸미기,#홈스타그램,#오늘의집,#온더테이블,#하우스그램,#데일리,#일상,#리그램이벤트,,,,,
#아베크엘,#카페투어,#카페스타그램,#커피수혈,#커피스타그램,#빵스타그램,#신혼부부일상,#새댁일상,#온더테이블,#이벤트진행중,#데일리,#일상,,,,,,,,,,,,,,,,,,
#주부스타그램,#살림스타그램,#주방인테리어,#새댁일상,#데일리,#일상,,,,,,,,,,,,,,,,,,,,,,,,
#화병,#꽃병,#화분,#식물스타그램,#신혼집소품,#신혼집꾸미기,#신혼집인테리어,#새댁스타그램,#신혼부부일상,#데일리,#일상,,,,,,,,,,,,,,,,,,,
,,,,,,,,,,,,,,,,,,,,,,,,,,,,,
,,,,,,,,,,,,,,,,,,,,,,,,,,,,,
,,,,,,,,,,,,,,,,,,,,,,,,,,,,,
,,,,,,,,,,,,,,,,,,,,,,,,,,,,,
,,,,,,,,,,,,,,,,,,,,,,,,,,,,,
,,,,,,,,,,,,,,,,,,,,,,,,,,,,,
#온더테이블,#신혼부부밥상,#새댁밥상,#쟌슨빌,#아보카도,#데일리,#일상,,,,,,,,,,,,,,,,,,,,,,,
,,,,,,,,,,,,,,,,,,,,,,,,,,,,,
#온더테이블,#테이블데코,#홈카페,#새댁테이블,#홈데코,#커피스타그램,#아메리카노,#먹스타그램,#데일리,#일상,,,,,,,,,,,,,,,,,,,,
,,,,,,,,,,,,,,,,,,,,,,,,,,,,,
,,,,,,,,,,,,,,,,,,,,,,,,,,,,,
#ㄴㅐㄷㅗㄴㄴㅐㅅㅏㄴ,,,,,,,,,,,,,,,,,,,,,,,,,,,,,
,,,,,,,,,,,,,,,,,,,,,,,,,,,,,
,,,,,,,,,,,,,,,,,,,,,,,,,,,,,
,,,,,,,,,,,,,,,,,,,,,,,,,,,,,
,,,,,,,,,,,,,,,,,,,,,,,,,,,,,
,,,,,,,,,,,,,,,,,,,,,,,,,,,,,
#공기청정기추천해주세요?????♀?,,,,,,,,,,,,,,,,,,,,,,,,,,,,,
#오픈샌드위치,#아보카도,#아보카도샌드위치,#수란,#신혼부부밥상,#아침밥상,#온더테이블,#데일리,#일상,,,,,,,,,,,,,,,,,,,,,
,,,,,,,,,,,,,,,,,,,,,,,,,,,,,
,,,,,,,,,,,,,,,,,,,,,,,,,,,,,
#새댁일상,#신혼부부일상,#데일리,#주말일상,,,,,,,,,,,,,,,,,,,,,,,,,,
#라이프카레앤커피,#일산맛집,#새댁스타그램,#신혼부부,#데이트그램,#신혼부부일상,#새댁일상,#새댁스타그램,#데일리,,,,,,,,,,,,,,,,,,,,,
#굿모닝,#크로아상샌드위치,#토마토쥬스,#온더테이블,#신혼부부밥상,#새댁밥상,#새댁일상,#데일리,#일상,#주말일상,,,,,,,,,,,,,,,,,,,,
,,,,,,,,,,,,,,,,,,,,,,,,,,,,,
,,,,,,,,,,,,,,,,,,,,,,,,,,,,,
,,,,,,,,,,,,,,,,,,,,,,,,,,,,,
,,,,,,,,,,,,,,,,,,,,,,,,,,,,,
,,,,,,,,,,,,,,,,,,,,,,,,,,,,,
,,,,,,,,,,,,,,,,,,,,,,,,,,,,,
,,,,,,,,,,,,,,,,,,,,,,,,,,,,,
#파스타,#알리오올리오,#홈쿡,#온더테이블,#새댁밥상,#신혼밥상,#데일리,#일상,,,,,,,,,,,,,,,,,,,,,,
,,,,,,,,,,,,,,,,,,,,,,,,,,,,,
,,,,,,,,,,,,,,,,,,,,,,,,,,,,,
,,,,,,,,,,,,,,,,,,,,,,,,,,,,,
,,,,,,,,,,,,,,,,,,,,,,,,,,,,,
,,,,,,,,,,,,,,,,,,,,,,,,,,,,,
,,,,,,,,,,,,,,,,,,,,,,,,,,,,,
#아르굴라파스타,#쉬림프버거,#파스타그램,#평일데이트,#데이트그램,#신혼부부일상,#럽스타그램,#새댁스타그램,#데일리,,,,,,,,,,,,,,,,,,,,,
,,,,,,,,,,,,,,,,,,,,,,,,,,,,,
,,,,,,,,,,,,,,,,,,,,,,,,,,,,,
#예를들면까르띠에탱크솔로같은거??,#필모어,#새댁일상,#신혼부부,#생일스타그램,#럽스타그램,#데일리,#일상,,,,,,,,,,,,,,,,,,,,,,
,,,,,,,,,,,,,,,,,,,,,,,,,,,,,
,,,,,,,,,,,,,,,,,,,,,,,,,,,,,
,,,,,,,,,,,,,,,,,,,,,,,,,,,,,
,,,,,,,,,,,,,,,,,,,,,,,,,,,,,
,,,,,,,,,,,,,,,,,,,,,,,,,,,,,
,,,,,,,,,,,,,,,,,,,,,,,,,,,,,
,,,,,,,,,,,,,,,,,,,,,,,,,,,,,
#이곳에선,#라떼,#아이스라떼,#커피스타그램,#새댁일상,#새댁스타그램,#신혼부부,#데일리,#일상,,,,,,,,,,,,,,,,,,,,,
,,,,,,,,,,,,,,,,,,,,,,,,,,,,,
,,,,,,,,,,,,,,,,,,,,,,,,,,,,,
,,,,,,,,,,,,,,,,,,,,,,,,,,,,,
,,,,,,,,,,,,,,,,,,,,,,,,,,,,,
,,,,,,,,,,,,,,,,,,,,,,,,,,,,,
,,,,,,,,,,,,,,,,,,,,,,,,,,,,,
,,,,,,,,,,,,,,,,,,,,,,,,,,,,,
,,,,,,,,,,,,,,,,,,,,,,,,,,,,,
,,,,,,,,,,,,,,,,,,,,,,,,,,,,,
#그래도좋아,#무화과,#디저트그램,#주말간식,#신혼부부,#새댁일상,#새댁스타그램,#데일리,#onthetable,#fig,,,,,,,,,,,,,,,,,,,,
,,,,,,,,,,,,,,,,,,,,,,,,,,,,,
,,,,,,,,,,,,,,,,,,,,,,,,,,,,,
,,,,,,,,,,,,,,,,,,,,,,,,,,,,,
,,,,,,,,,,,,,,,,,,,,,,,,,,,,,
,,,,,,,,,,,,,,,,,,,,,,,,,,,,,
#새댁스타그램,#새댁일상,#데일리,#일상,,,,,,,,,,,,,,,,,,,,,,,,,,
,,,,,,,,,,,,,,,,,,,,,,,,,,,,,
#이태원,#경리단길,#HAY,#헤이,#새댁스타그램,#새댁일상,#데일리,#일상,,,,,,,,,,,,,,,,,,,,,,
,,,,,,,,,,,,,,,,,,,,,,,,,,,,,
,,,,,,,,,,,,,,,,,,,,,,,,,,,,,
#집스타그램,#홈스타그램,#홈데코,#액자,#신혼부부,#새댁스타그램,#homedecor,#데일리,,,,,,,,,,,,,,,,,,,,,,
,,,,,,,,,,,,,,,,,,,,,,,,,,,,,
#온더테이블,#스키피,#빵모닝,#새댁밥상,#커피모닝,#새댁,#새댁일상,#데일리,,,,,,,,,,,,,,,,,,,,,,
#피크닉,#피크닉매트,#린넨피크닉매트,#오오티디,#옷스타그램,#린넨스커트,#랩스커트,#새댁일상,#신혼부부,#신혼부부일상,#새댁스타그램,#데일리,#일상,,,,,,,,,,,,,,,,,
#1401home??,#대청소완료??,#주부스타그램,#새댁일상,#화장실인테리어,#거실인테리어,#집스타그램,#홈스타그램,#데일리,#일상,,,,,,,,,,,,,,,,,,,,
#새댁스타그램,#데일리,#일상,,,,,,,,,,,,,,,,,,,,,,,,,,,
,,,,,,,,,,,,,,,,,,,,,,,,,,,,,
,,,,,,,,,,,,,,,,,,,,,,,,,,,,,
,,,,,,,,,,,,,,,,,,,,,,,,,,,,,
,,,,,,,,,,,,,,,,,,,,,,,,,,,,,
,,,,,,,,,,,,,,,,,,,,,,,,,,,,,
,,,,,,,,,,,,,,,,,,,,,,,,,,,,,
,,,,,,,,,,,,,,,,,,,,,,,,,,,,,
,,,,,,,,,,,,,,,,,,,,,,,,,,,,,
,,,,,,,,,,,,,,,,,,,,,,,,,,,,,
,,,,,,,,,,,,,,,,,,,,,,,,,,,,,
,,,,,,,,,,,,,,,,,,,,,,,,,,,,,
,,,,,,,,,,,,,,,,,,,,,,,,,,,,,
,,,,,,,,,,,,,,,,,,,,,,,,,,,,,
#오픈샌드위치,#신혼부부밥상,#빵모닝,#온더테이블,#새댁일상,#데일리,#일상,,,,,,,,,,,,,,,,,,,,,,,
,,,,,,,,,,,,,,,,,,,,,,,,,,,,,
,,,,,,,,,,,,,,,,,,,,,,,,,,,,,
,,,,,,,,,,,,,,,,,,,,,,,,,,,,,
#양양,#죽도해변,#두둥실,#서피비치,#낙산비치호텔,,,,,,,,,,,,,,,,,,,,,,,,,
,,,,,,,,,,,,,,,,,,,,,,,,,,,,,
,,,,,,,,,,,,,,,,,,,,,,,,,,,,,
,,,,,,,,,,,,,,,,,,,,,,,,,,,,,
,,,,,,,,,,,,,,,,,,,,,,,,,,,,,
,,,,,,,,,,,,,,,,,,,,,,,,,,,,,
,,,,,,,,,,,,,,,,,,,,,,,,,,,,,
,,,,,,,,,,,,,,,,,,,,,,,,,,,,,
,,,,,,,,,,,,,,,,,,,,,,,,,,,,,
,,,,,,,,,,,,,,,,,,,,,,,,,,,,,
,,,,,,,,,,,,,,,,,,,,,,,,,,,,,
,,,,,,,,,,,,,,,,,,,,,,,,,,,,,
,,,,,,,,,,,,,,,,,,,,,,,,,,,,,
,,,,,,,,,,,,,,,,,,,,,,,,,,,,,
#스테이굿무드,#제주카페,#제주여행,#럽스타그램,#부부스타그램,#새댁일상,#데일리,#일상,,,,,,,,,,,,,,,,,,,,,,
,,,,,,,,,,,,,,,,,,,,,,,,,,,,,
,,,,,,,,,,,,,,,,,,,,,,,,,,,,,
,,,,,,,,,,,,,,,,,,,,,,,,,,,,,
,,,,,,,,,,,,,,,,,,,,,,,,,,,,,
,,,,,,,,,,,,,,,,,,,,,,,,,,,,,
,,,,,,,,,,,,,,,,,,,,,,,,,,,,,
,,,,,,,,,,,,,,,,,,,,,,,,,,,,,
,,,,,,,,,,,,,,,,,,,,,,,,,,,,,
#호연스테이,#제주숙소,#제주여행,#여행스타그램,#부부여행,#신혼부부,#새댁,#새댁일상,#데일리,#일상,,,,,,,,,,,,,,,,,,,,
,,,,,,,,,,,,,,,,,,,,,,,,,,,,,
,,,,,,,,,,,,,,,,,,,,,,,,,,,,,
,,,,,,,,,,,,,,,,,,,,,,,,,,,,,
,,,,,,,,,,,,,,,,,,,,,,,,,,,,,
,,,,,,,,,,,,,,,,,,,,,,,,,,,,,
#일스타그램,#새댁스타그램,#여름이불,#홑이불,#담요,#데일리,#일상,,,,,,,,,,,,,,,,,,,,,,,
#봉골레,#봉골레조개찜,#신혼부부일상,#신혼부부,#온더테이블,#새댁일상,#데일리,,,,,,,,,,,,,,,,,,,,,,,
,,,,,,,,,,,,,,,,,,,,,,,,,,,,,
,,,,,,,,,,,,,,,,,,,,,,,,,,,,,
,,,,,,,,,,,,,,,,,,,,,,,,,,,,,
,,,,,,,,,,,,,,,,,,,,,,,,,,,,,
,,,,,,,,,,,,,,,,,,,,,,,,,,,,,
#twoffice,#아이스비엔나,#비엔나커피,#카페투어,#카페스타그램,#커피스타그램,#커피수혈,#새댁스타그램,#새댁일상,#데일리,,,,,,,,,,,,,,,,,,,,
,,,,,,,,,,,,,,,,,,,,,,,,,,,,,
,,,,,,,,,,,,,,,,,,,,,,,,,,,,,
,,,,,,,,,,,,,,,,,,,,,,,,,,,,,
,,,,,,,,,,,,,,,,,,,,,,,,,,,,,
,,,,,,,,,,,,,,,,,,,,,,,,,,,,,
,,,,,,,,,,,,,,,,,,,,,,,,,,,,,
,,,,,,,,,,,,,,,,,,,,,,,,,,,,,
,,,,,,,,,,,,,,,,,,,,,,,,,,,,,
,,,,,,,,,,,,,,,,,,,,,,,,,,,,,
#부엌인테리어,#주방인테리어,#그레이인테리어,#주방,#부엌,#새댁스타그램,#새댁일상,#데일리,#일상,,,,,,,,,,,,,,,,,,,,,
#어라운드테이블,#화이트식탁,#화이트테이블,#원형식탁,#원형테이블,#부엌인테리어,#부엌스타그램,,,,,,,,,,,,,,,,,,,,,,,
,,,,,,,,,,,,,,,,,,,,,,,,,,,,,
,,,,,,,,,,,,,,,,,,,,,,,,,,,,,
,,,,,,,,,,,,,,,,,,,,,,,,,,,,,
,,,,,,,,,,,,,,,,,,,,,,,,,,,,,
,,,,,,,,,,,,,,,,,,,,,,,,,,,,,
,,,,,,,,,,,,,,,,,,,,,,,,,,,,,
,,,,,,,,,,,,,,,,,,,,,,,,,,,,,
,,,,,,,,,,,,,,,,,,,,,,,,,,,,,
#아파리,#방콕여행,#방콕스타그램,#수영장,#휴가,#여행스타그램,#신혼부부일상,#데일리,#일상,,,,,,,,,,,,,,,,,,,,,
#이케아,#엘발리,,,,,,,,,,,,,,,,,,,,,,,,,,,,
#스파,#노천스파,#풀빌라,#양평풀빌라,#풀빌라림,#데이트그램,#신혼부부일상,#급여행,#여름휴가,#물놀이,#휴가,#데일리,#일상,,,,,,,,,,,,,,,,,
,,,,,,,,,,,,,,,,,,,,,,,,,,,,,
#1401home??,#화병,#꽃병,#인테리어소품,#신혼집소품,#홈데코,#홈스타일링,#신혼집,#신혼집인테리어,#새댁일상,#데일리,#일상,,,,,,,,,,,,,,,,,,
,,,,,,,,,,,,,,,,,,,,,,,,,,,,,
#구하우스,#양평,#전시관,#전시회,#새댁일상,#신혼부부일상,#새댁스타그램,#데일리,#일상,,,,,,,,,,,,,,,,,,,,,
#타르틴,#타르트,#피칸파이,#파이스타그램,#새댁일상,#데일리,#일상,,,,,,,,,,,,,,,,,,,,,,,
,,,,,,,,,,,,,,,,,,,,,,,,,,,,,
#말로만듣던오줌액정인가??,#1401home??,#화장실인테리어,#셀프인테리어,#신혼집인테리어,#집스타그램,#홈스타그램,#새댁일상,#새댁스타그램,#데일리,#일상,,,,,,,,,,,,,,,,,,,
,,,,,,,,,,,,,,,,,,,,,,,,,,,,,
#쫓아가고싶다,#에릭남,#로우커피한남,#로우커피,#말차라떼,#토스트,#커피스타그램,#카페스타그램,#새댁일상,#데일리,#일상,#coffee,,,,,,,,,,,,,,,,,,
,,,,,,,,,,,,,,,,,,,,,,,,,,,,,
,,,,,,,,,,,,,,,,,,,,,,,,,,,,,
,,,,,,,,,,,,,,,,,,,,,,,,,,,,,
,,,,,,,,,,,,,,,,,,,,,,,,,,,,,
,,,,,,,,,,,,,,,,,,,,,,,,,,,,,
,,,,,,,,,,,,,,,,,,,,,,,,,,,,,
,,,,,,,,,,,,,,,,,,,,,,,,,,,,,
#샐러드셀러,#온더테이블,#새댁스타그램,#새댁일상,#데일리,#일상,,,,,,,,,,,,,,,,,,,,,,,,
#신혼집소품,#감성소품,#화병,#꽃병,#도자기,#홈데코,#집들이선물,,,,,,,,,,,,,,,,,,,,,,,
#1401home??,#집스타그램,#침실스타그램,#안방,#신혼집침실,#화이트인테리어,#새댁일상,#새댁,#데일리,#일상,,,,,,,,,,,,,,,,,,,,
,,,,,,,,,,,,,,,,,,,,,,,,,,,,,
,,,,,,,,,,,,,,,,,,,,,,,,,,,,,
#커피스타그램,#라떼,#아이스라떼,#방콕여행,#방콕스타그램,#데일리,#일상,,,,,,,,,,,,,,,,,,,,,,,
#한강캠핑,#노을캠핑장,#캠퍼,#프로캠퍼와??,#부부동반,#신혼부부,#신혼부부일상,#데이트그램,#럽스타그램,#데일리,#일상,,,,,,,,,,,,,,,,,,,
,,,,,,,,,,,,,,,,,,,,,,,,,,,,,
,,,,,,,,,,,,,,,,,,,,,,,,,,,,,
,,,,,,,,,,,,,,,,,,,,,,,,,,,,,
,,,,,,,,,,,,,,,,,,,,,,,,,,,,,
#이태원,#경리단길,#샐러드셀러,#셀러투래프터,#새댁스타그램,#새댁일상,,,,,,,,,,,,,,,,,,,,,,,,
,,,,,,,,,,,,,,,,,,,,,,,,,,,,,
,,,,,,,,,,,,,,,,,,,,,,,,,,,,,
,,,,,,,,,,,,,,,,,,,,,,,,,,,,,
#양평,#양평풀빌라,#풀빌라림,#신혼부부,#럽스타그램,#수영장,#플라밍고,#데일리,#일상,,,,,,,,,,,,,,,,,,,,,
,,,,,,,,,,,,,,,,,,,,,,,,,,,,,
,,,,,,,,,,,,,,,,,,,,,,,,,,,,,
,,,,,,,,,,,,,,,,,,,,,,,,,,,,,
#이케아,#뮤즐리,#온더테이블,#새댁스타그램,#새댁일상,#데일리,#일상,,,,,,,,,,,,,,,,,,,,,,,
#1401home??,#패브릭소파,#패브릭쇼파,#천소파,#소파,#쿠션,#쿠션커버,#거즈면쿠션,#신혼가구,#신혼집꾸미기,#신혼집인테리어,#홈데코,#새댁스타그램,,,,,,,,,,,,,,,,,
,,,,,,,,,,,,,,,,,,,,,,,,,,,,,
,,,,,,,,,,,,,,,,,,,,,,,,,,,,,
,,,,,,,,,,,,,,,,,,,,,,,,,,,,,
#고양이케아,#이케아,#신혼부부,#새댁일상,#새댁스타그램,#데일리,#일상,,,,,,,,,,,,,,,,,,,,,,,
,,,,,,,,,,,,,,,,,,,,,,,,,,,,,
#1401home,#패브릭소파,#그레이소파,#3인용소파,#4인용소파,#interior,#fabricsofa,#데일리,#일상,,,,,,,,,,,,,,,,,,,,,
#사케동,#연어덮밥,#온더테이블,#새댁밥상,#먹스타그램,#데일리,#일상,,,,,,,,,,,,,,,,,,,,,,,
#화장실인테리어,#셀프인테리어,#신혼집인테리어,#신혼집꾸미기,#새댁일상,#새댁스타그램,#데일리,,,,,,,,,,,,,,,,,,,,,,,
,,,,,,,,,,,,,,,,,,,,,,,,,,,,,
#스콘,#카페스타그램,#가로수길,#가로수길카페,#신사동카페,#커피스타그램,#새댁스타그램,#새댁일상,,,,,,,,,,,,,,,,,,,,,,
,,,,,,,,,,,,,,,,,,,,,,,,,,,,,
,,,,,,,,,,,,,,,,,,,,,,,,,,,,,
#루키코마니,#리빙마켓,#골드림,#새댁일상,#새댁스타그램,#데일리,#일상,,,,,,,,,,,,,,,,,,,,,,,
,,,,,,,,,,,,,,,,,,,,,,,,,,,,,
,,,,,,,,,,,,,,,,,,,,,,,,,,,,,
#품위있는그녀부터,#나혼자산다까지다봐야지,#새댁일상,#딩굴딩굴,#데일리,#일상,,,,,,,,,,,,,,,,,,,,,,,,
,,,,,,,,,,,,,,,,,,,,,,,,,,,,,
,,,,,,,,,,,,,,,,,,,,,,,,,,,,,
#시라쿠스,#애크미,#식기건조대,#새댁스타그램,#새댁일상,#데일리,#kitchen,#kitcheninterior,,,,,,,,,,,,,,,,,,,,,,
,,,,,,,,,,,,,,,,,,,,,,,,,,,,,
,,,,,,,,,,,,,,,,,,,,,,,,,,,,,
#Finnsbeachclub,#Mrssippy여기도,#Potatoheadbali,#thelawncanggu,,,,,,,,,,,,,,,,,,,,,,,,,,
#새댁일상,#데일리,#굿나잇,,,,,,,,,,,,,,,,,,,,,,,,,,,
#1401home??,#거실스타그램,#셀프인테리어,#러그,#카페트,#애크미,#제네바사운드,#새댁스타그램,#홈데코,#홈스타일링,#데일리,,,,,,,,,,,,,,,,,,,
,,,,,,,,,,,,,,,,,,,,,,,,,,,,,
,,,,,,,,,,,,,,,,,,,,,,,,,,,,,
,,,,,,,,,,,,,,,,,,,,,,,,,,,,,
#1401home??,#거실인테리어,#거실장,#티비장,#제네바사운드,#새댁스타그램,#식물스타그램,,,,,,,,,,,,,,,,,,,,,,,
,,,,,,,,,,,,,,,,,,,,,,,,,,,,,
#상수동,#스탠다드룸,#비오는날,#새댁일상,#새댁스타그램,#데일리,#일상,,,,,,,,,,,,,,,,,,,,,,,
,,,,,,,,,,,,,,,,,,,,,,,,,,,,,
#아보카도샌드위치,#오픈샌드위치,#남편표커피,#카페라떼,,,,,,,,,,,,,,,,,,,,,,,,,,
,,,,,,,,,,,,,,,,,,,,,,,,,,,,,
#아비브,#워터튜브,#수분크림,#새댁일상,#데일리,#일상,,,,,,,,,,,,,,,,,,,,,,,,
,,,,,,,,,,,,,,,,,,,,,,,,,,,,,
,,,,,,,,,,,,,,,,,,,,,,,,,,,,,
#공구예정1401HOME에서,,,,,,,,,,,,,,,,,,,,,,,,,,,,,
,,,,,,,,,,,,,,,,,,,,,,,,,,,,,
,,,,,,,,,,,,,,,,,,,,,,,,,,,,,
,,,,,,,,,,,,,,,,,,,,,,,,,,,,,
,,,,,,,,,,,,,,,,,,,,,,,,,,,,,
,,,,,,,,,,,,,,,,,,,,,,,,,,,,,
,,,,,,,,,,,,,,,,,,,,,,,,,,,,,
,,,,,,,,,,,,,,,,,,,,,,,,,,,,,
#드메인,,,,,,,,,,,,,,,,,,,,,,,,,,,,,
,,,,,,,,,,,,,,,,,,,,,,,,,,,,,
,,,,,,,,,,,,,,,,,,,,,,,,,,,,,
,,,,,,,,,,,,,,,,,,,,,,,,,,,,,
#화이트식탁,#화이트테이블,#패브릭쇼파,#패브릭소파,#그레이소파,#블랙테이블,#블랙식탁,#신혼집식탁,#4인용식탁,,,,,,,,,,,,,,,,,,,,,
,,,,,,,,,,,,,,,,,,,,,,,,,,,,,
,,,,,,,,,,,,,,,,,,,,,,,,,,,,,
,,,,,,,,,,,,,,,,,,,,,,,,,,,,,
,,,,,,,,,,,,,,,,,,,,,,,,,,,,,
#매그놀리아,#레드벨벳컵케익,#바나나푸딩,#일산현대백화점,#온더테이블,#새댁일상,#데일리,,,,,,,,,,,,,,,,,,,,,,,
#온더테이블,#토스트,#밀크티,#빵스타그램,#주말브런치,#새댁밥상,#새댁스타그램,#일상,#데일리,,,,,,,,,,,,,,,,,,,,,
#새댁일상,#새댁스타그램,#데일리,#일상,,,,,,,,,,,,,,,,,,,,,,,,,,
,,,,,,,,,,,,,,,,,,,,,,,,,,,,,
,,,,,,,,,,,,,,,,,,,,,,,,,,,,,
,,,,,,,,,,,,,,,,,,,,,,,,,,,,,
,,,,,,,,,,,,,,,,,,,,,,,,,,,,,
#쿠션커버,#소파쿠션,#인테리어쿠션,#패브릭,#홈데코,#새댁일상,#새댁스타그램,#데일리,#일상,,,,,,,,,,,,,,,,,,,,,
,,,,,,,,,,,,,,,,,,,,,,,,,,,,,
#에어프라이기강추,#크로아상,#모닝커피,#온더테이블,#원형테이블,#코지테이블,#새댁일상,,,,,,,,,,,,,,,,,,,,,,,
,,,,,,,,,,,,,,,,,,,,,,,,,,,,,
#봄스타그램,#봄아빨리와,#새댁스타그램,#붙박이장,#셀프인테리어,#오오티디,#데일리,#일상,,,,,,,,,,,,,,,,,,,,,,
,,,,,,,,,,,,,,,,,,,,,,,,,,,,,
,,,,,,,,,,,,,,,,,,,,,,,,,,,,,
,,,,,,,,,,,,,,,,,,,,,,,,,,,,,
,,,,,,,,,,,,,,,,,,,,,,,,,,,,,
#연희동카페,#프렌치토스트,#아메리카노,#평일카페,#커피수혈,#카페스타그램,#새댁,#데일리,,,,,,,,,,,,,,,,,,,,,,
,,,,,,,,,,,,,,,,,,,,,,,,,,,,,
#1401home??,#침실,#라탄의자,#붙박이장,#신혼집,#방스타그램,#침실인테리어,#셀프인테리어,#새댁스타그램,#새댁일상,#데일리,#interior,,,,,,,,,,,,,,,,,,
,,,,,,,,,,,,,,,,,,,,,,,,,,,,,
,,,,,,,,,,,,,,,,,,,,,,,,,,,,,
#제주,#제주여행,#세화해변,#세화맨션,#부부여행,#모닝커피,#아메리카노,#새댁스타그램,#데일리,#일상,,,,,,,,,,,,,,,,,,,,
,,,,,,,,,,,,,,,,,,,,,,,,,,,,,
,,,,,,,,,,,,,,,,,,,,,,,,,,,,,
,,,,,,,,,,,,,,,,,,,,,,,,,,,,,
,,,,,,,,,,,,,,,,,,,,,,,,,,,,,
#pivvee,#피브비,#골프웨어,#라이프웨어,,,,,,,,,,,,,,,,,,,,,,,,,,
,,,,,,,,,,,,,,,,,,,,,,,,,,,,,
,,,,,,,,,,,,,,,,,,,,,,,,,,,,,
#이곳에선,#일산카페,#정발산카페,#카페스타그램,#아이스라떼,#커피스타그램,#까눌레,#새댁일상,#새댁스타그램,#데일리,#일상,,,,,,,,,,,,,,,,,,,
,,,,,,,,,,,,,,,,,,,,,,,,,,,,,
,,,,,,,,,,,,,,,,,,,,,,,,,,,,,
#루꼴라파스타,#루꼴라,#아르굴라,#알리오올리오,#파스타,#온더테이블,#신혼밥상,#주말밥상,#데일리,#일상,,,,,,,,,,,,,,,,,,,,
,,,,,,,,,,,,,,,,,,,,,,,,,,,,,
,,,,,,,,,,,,,,,,,,,,,,,,,,,,,
,,,,,,,,,,,,,,,,,,,,,,,,,,,,,
#원형테이블,#원형식탁,#화이트식탁,#화이트테이블,#신혼집인테리어,#신혼집,#셀프인테리어,#새댁스타그램,#데일리,#일상,,,,,,,,,,,,,,,,,,,,
,,,,,,,,,,,,,,,,,,,,,,,,,,,,,
,,,,,,,,,,,,,,,,,,,,,,,,,,,,,
,,,,,,,,,,,,,,,,,,,,,,,,,,,,,
#오아시스스파,#방콕마사지,#방콕여행,#여행스타그램,#방콕스타그램,#신혼부부,#데일리,#일상,,,,,,,,,,,,,,,,,,,,,,
#온더테이블,#브런치,#신혼부부밥상,#신혼부부일상,#새댁스타그램,#데일리,#일상,,,,,,,,,,,,,,,,,,,,,,,
,,,,,,,,,,,,,,,,,,,,,,,,,,,,,
#1401home,#패브릭소파,#4인용소파,#그레이소파,#천소파,#새댁스타그램,#새댁일상,#interior,#homedecor,,,,,,,,,,,,,,,,,,,,,
#화이트테이블,#블랙테이블,#베란다테이블,#거실테이블,#베란다인테리어,#베란다꾸미기,#체어,#의자,#디자인의자,#디자인체어,#새댁스타그램,#interior,,,,,,,,,,,,,,,,,,
,,,,,,,,,,,,,,,,,,,,,,,,,,,,,
,,,,,,,,,,,,,,,,,,,,,,,,,,,,,
#방콕여행,#방콕스타그램,#여행스타그램,#새댁스타그램,#새댁일상,#데일리,#일상,,,,,,,,,,,,,,,,,,,,,,,
,,,,,,,,,,,,,,,,,,,,,,,,,,,,,
,,,,,,,,,,,,,,,,,,,,,,,,,,,,,
,,,,,,,,,,,,,,,,,,,,,,,,,,,,,
,,,,,,,,,,,,,,,,,,,,,,,,,,,,,
,,,,,,,,,,,,,,,,,,,,,,,,,,,,,
#아보카도토스트,#팬케이크,#여행스타그램,#조식,#breakfast,#방콕,#방콕여행,#방콕스타그램,#신혼부부일상,#새댁일상,#데일리,#일상,,,,,,,,,,,,,,,,,,
,,,,,,,,,,,,,,,,,,,,,,,,,,,,,
,,,,,,,,,,,,,,,,,,,,,,,,,,,,,
#집스타그램,#홈스타그램,#거실인테리어,#새댁일상,#새댁스타그램,#데일리,#interior,#homedecor,,,,,,,,,,,,,,,,,,,,,,
,,,,,,,,,,,,,,,,,,,,,,,,,,,,,
,,,,,,,,,,,,,,,,,,,,,,,,,,,,,
,,,,,,,,,,,,,,,,,,,,,,,,,,,,,
,,,,,,,,,,,,,,,,,,,,,,,,,,,,,
,,,,,,,,,,,,,,,,,,,,,,,,,,,,,
#화이트테이블,#블랙테이블,#원형테이블,#사각테이블,#새댁스타그램,#새댁일상,#데일리,#interior,#homedecor,,,,,,,,,,,,,,,,,,,,,
,,,,,,,,,,,,,,,,,,,,,,,,,,,,,
,,,,,,,,,,,,,,,,,,,,,,,,,,,,,
,,,,,,,,,,,,,,,,,,,,,,,,,,,,,
,,,,,,,,,,,,,,,,,,,,,,,,,,,,,
,,,,,,,,,,,,,,,,,,,,,,,,,,,,,
#1401home??,#드로잉포스터,#원목액자,#홈갤러리,#마티스,#앙리마티스,#패브릭소파,#그레이소파,#새댁일상,#새댁스타그램,#데일리,#interior,#homedecor,,,,,,,,,,,,,,,,,
,,,,,,,,,,,,,,,,,,,,,,,,,,,,,
#신라호텔,#더파크뷰,#결혼기념일,#2주년,#신혼부부,#럽스타그램,#기념일,#새댁스타그램,#새댁일상,#데일리,,,,,,,,,,,,,,,,,,,,
,,,,,,,,,,,,,,,,,,,,,,,,,,,,,
,,,,,,,,,,,,,,,,,,,,,,,,,,,,,
#현관중문,#중문,#현관인테리어,#신혼집,#신혼집인테리어,#패브릭소파,#그레이소파,,,,,,,,,,,,,,,,,,,,,,,
,,,,,,,,,,,,,,,,,,,,,,,,,,,,,
,,,,,,,,,,,,,,,,,,,,,,,,,,,,,
#블랙테이블,#블랙식탁,#베란다테이블,#거실테이블,#새댁스타그램,#데일리,#일상,#interior,,,,,,,,,,,,,,,,,,,,,,
,,,,,,,,,,,,,,,,,,,,,,,,,,,,,
,,,,,,,,,,,,,,,,,,,,,,,,,,,,,
,,,,,,,,,,,,,,,,,,,,,,,,,,,,,
,,,,,,,,,,,,,,,,,,,,,,,,,,,,,
,,,,,,,,,,,,,,,,,,,,,,,,,,,,,
,,,,,,,,,,,,,,,,,,,,,,,,,,,,,
#크루통,#포테이토크림스프,#온더테이블,,,,,,,,,,,,,,,,,,,,,,,,,,,
,,,,,,,,,,,,,,,,,,,,,,,,,,,,,
,,,,,,,,,,,,,,,,,,,,,,,,,,,,,
,,,,,,,,,,,,,,,,,,,,,,,,,,,,,
,,,,,,,,,,,,,,,,,,,,,,,,,,,,,
,,,,,,,,,,,,,,,,,,,,,,,,,,,,,
#데이비드호크니,,,,,,,,,,,,,,,,,,,,,,,,,,,,,
#카페비미,,,,,,,,,,,,,,,,,,,,,,,,,,,,,
,,,,,,,,,,,,,,,,,,,,,,,,,,,,,
,,,,,,,,,,,,,,,,,,,,,,,,,,,,,
,,,,,,,,,,,,,,,,,,,,,,,,,,,,,
,,,,,,,,,,,,,,,,,,,,,,,,,,,,,
,,,,,,,,,,,,,,,,,,,,,,,,,,,,,
,,,,,,,,,,,,,,,,,,,,,,,,,,,,,
,,,,,,,,,,,,,,,,,,,,,,,,,,,,,
#1401home,#3인용소파,#그레이소파,#패브릭소파,#신혼집인테리어,#신혼집,#셀프인테리어,,,,,,,,,,,,,,,,,,,,,,,
,,,,,,,,,,,,,,,,,,,,,,,,,,,,,
,,,,,,,,,,,,,,,,,,,,,,,,,,,,,
#1401home??,#집스타그램,#베란다인테리어,#화이트테이블,#화이트식탁,#새댁스타그램,,,,,,,,,,,,,,,,,,,,,,,,
,,,,,,,,,,,,,,,,,,,,,,,,,,,,,
#가을스타그램,#가을조하,#카페스타그램,#커피스타그램,#카페투어,#새댁스타그램,#새댁일상,,,,,,,,,,,,,,,,,,,,,,,
,,,,,,,,,,,,,,,,,,,,,,,,,,,,,
,,,,,,,,,,,,,,,,,,,,,,,,,,,,,
#핫케이크,#팬케이크,#온더테이블,#브런치,#새댁밥상,#신혼부부일상,#새댁스타그램,#데일리,,,,,,,,,,,,,,,,,,,,,,
#홈카페,#커피스타그램,#집스타그램,,,,,,,,,,,,,,,,,,,,,,,,,,,
,,,,,,,,,,,,,,,,,,,,,,,,,,,,,
,,,,,,,,,,,,,,,,,,,,,,,,,,,,,
#화이트식탁,#화이트테이블,#원형식탁,#원형테이블,#거실인테리어,#부엌인테리어,#데일리,#일상,,,,,,,,,,,,,,,,,,,,,,
,,,,,,,,,,,,,,,,,,,,,,,,,,,,,
,,,,,,,,,,,,,,,,,,,,,,,,,,,,,
#운정카페,#구발디앞카페??,#카페브리끄,#유자파운드,#애플크럼블,#커피스타그램,#디저트,#새댁일상,#데일리,,,,,,,,,,,,,,,,,,,,,
,,,,,,,,,,,,,,,,,,,,,,,,,,,,,
,,,,,,,,,,,,,,,,,,,,,,,,,,,,,
#원형테이블,#원형식탁,#화이트테이블,#화이트식탁,#베란다테이블,#거실테이블,#부엌인테리어,#신혼집,#신혼집인테리어,#새댁스타그램,#새댁일상,#데일리,#일상,,,,,,,,,,,,,,,,,
,,,,,,,,,,,,,,,,,,,,,,,,,,,,,
,,,,,,,,,,,,,,,,,,,,,,,,,,,,,
,,,,,,,,,,,,,,,,,,,,,,,,,,,,,
,,,,,,,,,,,,,,,,,,,,,,,,,,,,,
,,,,,,,,,,,,,,,,,,,,,,,,,,,,,
,,,,,,,,,,,,,,,,,,,,,,,,,,,,,
,,,,,,,,,,,,,,,,,,,,,,,,,,,,,
,,,,,,,,,,,,,,,,,,,,,,,,,,,,,
,,,,,,,,,,,,,,,,,,,,,,,,,,,,,
,,,,,,,,,,,,,,,,,,,,,,,,,,,,,
,,,,,,,,,,,,,,,,,,,,,,,,,,,,,
#패브릭침대,#그레이침대,#침실,#침실인테리어,#신혼집,#신혼집인테리어,#셀프인테리어,#온라인집들이,#홈데코,#홈인테리어,#홈스타일링,#하우스그램,#오늘의집,#집꾸미기,#위드테이블,,,,,,,,,,,,,,,
,,,,,,,,,,,,,,,,,,,,,,,,,,,,,
,,,,,,,,,,,,,,,,,,,,,,,,,,,,,
,,,,,,,,,,,,,,,,,,,,,,,,,,,,,
,,,,,,,,,,,,,,,,,,,,,,,,,,,,,
,,,,,,,,,,,,,,,,,,,,,,,,,,,,,
,,,,,,,,,,,,,,,,,,,,,,,,,,,,,
,,,,,,,,,,,,,,,,,,,,,,,,,,,,,
,,,,,,,,,,,,,,,,,,,,,,,,,,,,,
,,,,,,,,,,,,,,,,,,,,,,,,,,,,,
,,,,,,,,,,,,,,,,,,,,,,,,,,,,,
#소파쿠션,#인테리어쿠션,#사각쿠션,#패브릭쿠션,#스트라이프쿠션,#쿠션커버,#새댁스타그램,#데일리,,,,,,,,,,,,,,,,,,,,,,
,,,,,,,,,,,,,,,,,,,,,,,,,,,,,
#온더테이블,#딸기,#새댁스타그램,#데일리,#일상,,,,,,,,,,,,,,,,,,,,,,,,,
,,,,,,,,,,,,,,,,,,,,,,,,,,,,,
,,,,,,,,,,,,,,,,,,,,,,,,,,,,,
#카페브리끄,#커피스타그램,#카페스타그램,#유자파운드,#쓰다보니급땡긴다,#새댁스타그램,#데일리,#일상,,,,,,,,,,,,,,,,,,,,,,
,,,,,,,,,,,,,,,,,,,,,,,,,,,,,
,,,,,,,,,,,,,,,,,,,,,,,,,,,,,
,,,,,,,,,,,,,,,,,,,,,,,,,,,,,
,,,,,,,,,,,,,,,,,,,,,,,,,,,,,
,,,,,,,,,,,,,,,,,,,,,,,,,,,,,
,,,,,,,,,,,,,,,,,,,,,,,,,,,,,
#방콕,#방콕여행,#방콕천국,#방콕만세,#신혼부부,#오랜만에여유,#새댁일상,#새댁스타그램,#여행에미치다,#여행스타그램,#방콕스타그램,,,,,,,,,,,,,,,,,,,
,,,,,,,,,,,,,,,,,,,,,,,,,,,,,
,,,,,,,,,,,,,,,,,,,,,,,,,,,,,
,,,,,,,,,,,,,,,,,,,,,,,,,,,,,
,,,,,,,,,,,,,,,,,,,,,,,,,,,,,
#플립미러,,,,,,,,,,,,,,,,,,,,,,,,,,,,,
,,,,,,,,,,,,,,,,,,,,,,,,,,,,,
,,,,,,,,,,,,,,,,,,,,,,,,,,,,,
#모닝수영,#수영장,#방콕여행,#방콕스타그램,#애드립호텔,#날씨완벽함,#새댁스타그램,#신혼부부일상,,,,,,,,,,,,,,,,,,,,,,
,,,,,,,,,,,,,,,,,,,,,,,,,,,,,
,,,,,,,,,,,,,,,,,,,,,,,,,,,,,
#루돌프네일,#크리스마스네일,#둥근프렌치,#겨울네일,#젤라또네일,#새댁일상,#새댁스타그램,,,,,,,,,,,,,,,,,,,,,,,
,,,,,,,,,,,,,,,,,,,,,,,,,,,,,
,,,,,,,,,,,,,,,,,,,,,,,,,,,,,
,,,,,,,,,,,,,,,,,,,,,,,,,,,,,
,,,,,,,,,,,,,,,,,,,,,,,,,,,,,
,,,,,,,,,,,,,,,,,,,,,,,,,,,,,
#크리스마스,#크리스마스파티,#부부모임,#오크우드호텔,#신혼부부일상,#새댁스타그램,,,,,,,,,,,,,,,,,,,,,,,,
,,,,,,,,,,,,,,,,,,,,,,,,,,,,,
,,,,,,,,,,,,,,,,,,,,,,,,,,,,,
,,,,,,,,,,,,,,,,,,,,,,,,,,,,,
,,,,,,,,,,,,,,,,,,,,,,,,,,,,,
,,,,,,,,,,,,,,,,,,,,,,,,,,,,,
,,,,,,,,,,,,,,,,,,,,,,,,,,,,,
,,,,,,,,,,,,,,,,,,,,,,,,,,,,,
#celine,#셀린느,#셀린느카드지갑,#아코디언카드지갑,#카드지갑,#면세점찬스,#새댁스타그램,#새댁일상,,,,,,,,,,,,,,,,,,,,,,
,,,,,,,,,,,,,,,,,,,,,,,,,,,,,
,,,,,,,,,,,,,,,,,,,,,,,,,,,,,
,,,,,,,,,,,,,,,,,,,,,,,,,,,,,
,,,,,,,,,,,,,,,,,,,,,,,,,,,,,
,,,,,,,,,,,,,,,,,,,,,,,,,,,,,
,,,,,,,,,,,,,,,,,,,,,,,,,,,,,
,,,,,,,,,,,,,,,,,,,,,,,,,,,,,
,,,,,,,,,,,,,,,,,,,,,,,,,,,,,
#pivvee,#피브비,#골프웨어,#라이프웨어,,,,,,,,,,,,,,,,,,,,,,,,,,
,,,,,,,,,,,,,,,,,,,,,,,,,,,,,
,,,,,,,,,,,,,,,,,,,,,,,,,,,,,
,,,,,,,,,,,,,,,,,,,,,,,,,,,,,
,,,,,,,,,,,,,,,,,,,,,,,,,,,,,
,,,,,,,,,,,,,,,,,,,,,,,,,,,,,
,,,,,,,,,,,,,,,,,,,,,,,,,,,,,
#원형테이블,#타원형테이블,#화이트식탁,#화이트테이블,#주방스타그램,,,,,,,,,,,,,,,,,,,,,,,,,
#피스피스,#파이,#호박파이,#펌킨파이,#바나나크림파이,#새댁일상,#새댁스타그램,,,,,,,,,,,,,,,,,,,,,,,
,,,,,,,,,,,,,,,,,,,,,,,,,,,,,
,,,,,,,,,,,,,,,,,,,,,,,,,,,,,
,,,,,,,,,,,,,,,,,,,,,,,,,,,,,
#기억해줘,#시시콜콜한이야기,#track3,#제일좋았던??,,,,,,,,,,,,,,,,,,,,,,,,,,
#무인양품,#무인양품잠옷,#파자마,,,,,,,,,,,,,,,,,,,,,,,,,,,
,,,,,,,,,,,,,,,,,,,,,,,,,,,,,
#구매완료이벤트???우연히,,,,,,,,,,,,,,,,,,,,,,,,,,,,,
,,,,,,,,,,,,,,,,,,,,,,,,,,,,,
,,,,,,,,,,,,,,,,,,,,,,,,,,,,,
,,,,,,,,,,,,,,,,,,,,,,,,,,,,,
,,,,,,,,,,,,,,,,,,,,,,,,,,,,,
,,,,,,,,,,,,,,,,,,,,,,,,,,,,,
,,,,,,,,,,,,,,,,,,,,,,,,,,,,,
,,,,,,,,,,,,,,,,,,,,,,,,,,,,,
,,,,,,,,,,,,,,,,,,,,,,,,,,,,,
,,,,,,,,,,,,,,,,,,,,,,,,,,,,,
,,,,,,,,,,,,,,,,,,,,,,,,,,,,,
,,,,,,,,,,,,,,,,,,,,,,,,,,,,,
#3인용소파,#4인용소파,#화이트테이블,#블랙테이블,#화이트식탁,#블랙식탁,,,,,,,,,,,,,,,,,,,,,,,,
,,,,,,,,,,,,,,,,,,,,,,,,,,,,,
,,,,,,,,,,,,,,,,,,,,,,,,,,,,,
#1401home??,#부엌인테리어,#거실인테리어,#홈데코,#새댁스타그램,#데일리,#일상,,,,,,,,,,,,,,,,,,,,,,,
,,,,,,,,,,,,,,,,,,,,,,,,,,,,,
,,,,,,,,,,,,,,,,,,,,,,,,,,,,,
,,,,,,,,,,,,,,,,,,,,,,,,,,,,,
,,,,,,,,,,,,,,,,,,,,,,,,,,,,,
,,,,,,,,,,,,,,,,,,,,,,,,,,,,,
,,,,,,,,,,,,,,,,,,,,,,,,,,,,,
#누띵크,,,,,,,,,,,,,,,,,,,,,,,,,,,,,
,,,,,,,,,,,,,,,,,,,,,,,,,,,,,
,,,,,,,,,,,,,,,,,,,,,,,,,,,,,
,,,,,,,,,,,,,,,,,,,,,,,,,,,,,
,,,,,,,,,,,,,,,,,,,,,,,,,,,,,
#코드제로,#무선청소기,#주부스타그램,#집스타그램,#홈스타그램,,,,,,,,,,,,,,,,,,,,,,,,,
,,,,,,,,,,,,,,,,,,,,,,,,,,,,,
,,,,,,,,,,,,,,,,,,,,,,,,,,,,,
,,,,,,,,,,,,,,,,,,,,,,,,,,,,,
,,,,,,,,,,,,,,,,,,,,,,,,,,,,,
,,,,,,,,,,,,,,,,,,,,,,,,,,,,,
,,,,,,,,,,,,,,,,,,,,,,,,,,,,,
,,,,,,,,,,,,,,,,,,,,,,,,,,,,,
,,,,,,,,,,,,,,,,,,,,,,,,,,,,,
,,,,,,,,,,,,,,,,,,,,,,,,,,,,,
#커피스타그램,#플랫화이트,#아메리카노,#카페스타그램,#데일리,#일상,,,,,,,,,,,,,,,,,,,,,,,,
#1401home??,#현대백화점,#현대백화점충청점,#현대백화점청주점,#거실인테리어,#거실장,#홈인테리어,#홈데코,#interior,#데일리,#일상,,,,,,,,,,,,,,,,,,,
,,,,,,,,,,,,,,,,,,,,,,,,,,,,,
,,,,,,,,,,,,,,,,,,,,,,,,,,,,,
,,,,,,,,,,,,,,,,,,,,,,,,,,,,,
,,,,,,,,,,,,,,,,,,,,,,,,,,,,,
,,,,,,,,,,,,,,,,,,,,,,,,,,,,,
,,,,,,,,,,,,,,,,,,,,,,,,,,,,,
,,,,,,,,,,,,,,,,,,,,,,,,,,,,,
,,,,,,,,,,,,,,,,,,,,,,,,,,,,,
,,,,,,,,,,,,,,,,,,,,,,,,,,,,,
,,,,,,,,,,,,,,,,,,,,,,,,,,,,,
,,,,,,,,,,,,,,,,,,,,,,,,,,,,,
,,,,,,,,,,,,,,,,,,,,,,,,,,,,,
,,,,,,,,,,,,,,,,,,,,,,,,,,,,,
,,,,,,,,,,,,,,,,,,,,,,,,,,,,,
,,,,,,,,,,,,,,,,,,,,,,,,,,,,,
,,,,,,,,,,,,,,,,,,,,,,,,,,,,,
,,,,,,,,,,,,,,,,,,,,,,,,,,,,,
,,,,,,,,,,,,,,,,,,,,,,,,,,,,,
,,,,,,,,,,,,,,,,,,,,,,,,,,,,,
,,,,,,,,,,,,,,,,,,,,,,,,,,,,,
,,,,,,,,,,,,,,,,,,,,,,,,,,,,,
,,,,,,,,,,,,,,,,,,,,,,,,,,,,,
,,,,,,,,,,,,,,,,,,,,,,,,,,,,,
,,,,,,,,,,,,,,,,,,,,,,,,,,,,,
#댓글이벤트,,,,,,,,,,,,,,,,,,,,,,,,,,,,,
,,,,,,,,,,,,,,,,,,,,,,,,,,,,,
,,,,,,,,,,,,,,,,,,,,,,,,,,,,,
#그레이소파,#패브릭소파,#4인소파,#3인소파,#화이트식탁,#화이트식탁,#디자인체어,,,,,,,,,,,,,,,,,,,,,,,
,,,,,,,,,,,,,,,,,,,,,,,,,,,,,
,,,,,,,,,,,,,,,,,,,,,,,,,,,,,
#방스타그램,#옷방,#드레스룸,#집스타그램,#홈스타그램,#신혼집,#데일리,#일상,#interior,,,,,,,,,,,,,,,,,,,,,
,,,,,,,,,,,,,,,,,,,,,,,,,,,,,
,,,,,,,,,,,,,,,,,,,,,,,,,,,,,
,,,,,,,,,,,,,,,,,,,,,,,,,,,,,
,,,,,,,,,,,,,,,,,,,,,,,,,,,,,
,,,,,,,,,,,,,,,,,,,,,,,,,,,,,
,,,,,,,,,,,,,,,,,,,,,,,,,,,,,
,,,,,,,,,,,,,,,,,,,,,,,,,,,,,
,,,,,,,,,,,,,,,,,,,,,,,,,,,,,
#다이슨,#다이슨드라이기,#다이슨슈퍼소닉,#드라이기추천,#새댁스타그램,#데일리,#일상,,,,,,,,,,,,,,,,,,,,,,,
,,,,,,,,,,,,,,,,,,,,,,,,,,,,,
,,,,,,,,,,,,,,,,,,,,,,,,,,,,,
,,,,,,,,,,,,,,,,,,,,,,,,,,,,,
,,,,,,,,,,,,,,,,,,,,,,,,,,,,,
#해시태그오류,#인스타오류??,,,,,,,,,,,,,,,,,,,,,,,,,,,,
,,,,,,,,,,,,,,,,,,,,,,,,,,,,,
,,,,,,,,,,,,,,,,,,,,,,,,,,,,,
,,,,,,,,,,,,,,,,,,,,,,,,,,,,,
,,,,,,,,,,,,,,,,,,,,,,,,,,,,,
,,,,,,,,,,,,,,,,,,,,,,,,,,,,,
,,,,,,,,,,,,,,,,,,,,,,,,,,,,,
,,,,,,,,,,,,,,,,,,,,,,,,,,,,,
,,,,,,,,,,,,,,,,,,,,,,,,,,,,,
,,,,,,,,,,,,,,,,,,,,,,,,,,,,,
,,,,,,,,,,,,,,,,,,,,,,,,,,,,,
,,,,,,,,,,,,,,,,,,,,,,,,,,,,,
,,,,,,,,,,,,,,,,,,,,,,,,,,,,,
,,,,,,,,,,,,,,,,,,,,,,,,,,,,,
,,,,,,,,,,,,,,,,,,,,,,,,,,,,,
#슈레피?,#티르티르,,,,,,,,,,,,,,,,,,,,,,,,,,,,
,,,,,,,,,,,,,,,,,,,,,,,,,,,,,
,,,,,,,,,,,,,,,,,,,,,,,,,,,,,
,,,,,,,,,,,,,,,,,,,,,,,,,,,,,
,,,,,,,,,,,,,,,,,,,,,,,,,,,,,
,,,,,,,,,,,,,,,,,,,,,,,,,,,,,
,,,,,,,,,,,,,,,,,,,,,,,,,,,,,
,,,,,,,,,,,,,,,,,,,,,,,,,,,,,
,,,,,,,,,,,,,,,,,,,,,,,,,,,,,
,,,,,,,,,,,,,,,,,,,,,,,,,,,,,
,,,,,,,,,,,,,,,,,,,,,,,,,,,,,
,,,,,,,,,,,,,,,,,,,,,,,,,,,,,
,,,,,,,,,,,,,,,,,,,,,,,,,,,,,
,,,,,,,,,,,,,,,,,,,,,,,,,,,,,
,,,,,,,,,,,,,,,,,,,,,,,,,,,,,
,,,,,,,,,,,,,,,,,,,,,,,,,,,,,
,,,,,,,,,,,,,,,,,,,,,,,,,,,,,
,,,,,,,,,,,,,,,,,,,,,,,,,,,,,
,,,,,,,,,,,,,,,,,,,,,,,,,,,,,
,,,,,,,,,,,,,,,,,,,,,,,,,,,,,
,,,,,,,,,,,,,,,,,,,,,,,,,,,,,
,,,,,,,,,,,,,,,,,,,,,,,,,,,,,
,,,,,,,,,,,,,,,,,,,,,,,,,,,,,
,,,,,,,,,,,,,,,,,,,,,,,,,,,,,
,,,,,,,,,,,,,,,,,,,,,,,,,,,,,
,,,,,,,,,,,,,,,,,,,,,,,,,,,,,
,,,,,,,,,,,,,,,,,,,,,,,,,,,,,
,,,,,,,,,,,,,,,,,,,,,,,,,,,,,
,,,,,,,,,,,,,,,,,,,,,,,,,,,,,
,,,,,,,,,,,,,,,,,,,,,,,,,,,,,
,,,,,,,,,,,,,,,,,,,,,,,,,,,,,
,,,,,,,,,,,,,,,,,,,,,,,,,,,,,
,,,,,,,,,,,,,,,,,,,,,,,,,,,,,
,,,,,,,,,,,,,,,,,,,,,,,,,,,,,
,,,,,,,,,,,,,,,,,,,,,,,,,,,,,
,,,,,,,,,,,,,,,,,,,,,,,,,,,,,
,,,,,,,,,,,,,,,,,,,,,,,,,,,,,
,,,,,,,,,,,,,,,,,,,,,,,,,,,,,
,,,,,,,,,,,,,,,,,,,,,,,,,,,,,
,,,,,,,,,,,,,,,,,,,,,,,,,,,,,
,,,,,,,,,,,,,,,,,,,,,,,,,,,,,
,,,,,,,,,,,,,,,,,,,,,,,,,,,,,
,,,,,,,,,,,,,,,,,,,,,,,,,,,,,
,,,,,,,,,,,,,,,,,,,,,,,,,,,,,
,,,,,,,,,,,,,,,,,,,,,,,,,,,,,
,,,,,,,,,,,,,,,,,,,,,,,,,,,,,
,,,,,,,,,,,,,,,,,,,,,,,,,,,,,
,,,,,,,,,,,,,,,,,,,,,,,,,,,,,
,,,,,,,,,,,,,,,,,,,,,,,,,,,,,
,,,,,,,,,,,,,,,,,,,,,,,,,,,,,
,,,,,,,,,,,,,,,,,,,,,,,,,,,,,
,,,,,,,,,,,,,,,,,,,,,,,,,,,,,
,,,,,,,,,,,,,,,,,,,,,,,,,,,,,
,,,,,,,,,,,,,,,,,,,,,,,,,,,,,
,,,,,,,,,,,,,,,,,,,,,,,,,,,,,
,,,,,,,,,,,,,,,,,,,,,,,,,,,,,
,,,,,,,,,,,,,,,,,,,,,,,,,,,,,
,,,,,,,,,,,,,,,,,,,,,,,,,,,,,
,,,,,,,,,,,,,,,,,,,,,,,,,,,,,
,,,,,,,,,,,,,,,,,,,,,,,,,,,,,
,,,,,,,,,,,,,,,,,,,,,,,,,,,,,
,,,,,,,,,,,,,,,,,,,,,,,,,,,,,
,,,,,,,,,,,,,,,,,,,,,,,,,,,,,
,,,,,,,,,,,,,,,,,,,,,,,,,,,,,
,,,,,,,,,,,,,,,,,,,,,,,,,,,,,
,,,,,,,,,,,,,,,,,,,,,,,,,,,,,
,,,,,,,,,,,,,,,,,,,,,,,,,,,,,
#오버플로,,,,,,,,,,,,,,,,,,,,,,,,,,,,,
,,,,,,,,,,,,,,,,,,,,,,,,,,,,,
#소파테이블,#거실인테리어,#신혼집인테리어,,,,,,,,,,,,,,,,,,,,,,,,,,,
,,,,,,,,,,,,,,,,,,,,,,,,,,,,,
,,,,,,,,,,,,,,,,,,,,,,,,,,,,,
,,,,,,,,,,,,,,,,,,,,,,,,,,,,,
,,,,,,,,,,,,,,,,,,,,,,,,,,,,,
,,,,,,,,,,,,,,,,,,,,,,,,,,,,,
,,,,,,,,,,,,,,,,,,,,,,,,,,,,,
,,,,,,,,,,,,,,,,,,,,,,,,,,,,,
,,,,,,,,,,,,,,,,,,,,,,,,,,,,,
,,,,,,,,,,,,,,,,,,,,,,,,,,,,,
,,,,,,,,,,,,,,,,,,,,,,,,,,,,,
,,,,,,,,,,,,,,,,,,,,,,,,,,,,,
,,,,,,,,,,,,,,,,,,,,,,,,,,,,,
,,,,,,,,,,,,,,,,,,,,,,,,,,,,,
,,,,,,,,,,,,,,,,,,,,,,,,,,,,,
,,,,,,,,,,,,,,,,,,,,,,,,,,,,,
#광고애정하는,#산타마리아노벨라,#산타마리아노벨라디퓨저,#프로퓨모빼르엠비엔테,#디퓨저,#디퓨저추천,#santamarianovella,#profumoperambiente,#gogreen,#친환경패키지,,,,,,,,,,,,,,,,,,,,
,,,,,,,,,,,,,,,,,,,,,,,,,,,,,
,,,,,,,,,,,,,,,,,,,,,,,,,,,,,
,,,,,,,,,,,,,,,,,,,,,,,,,,,,,
,,,,,,,,,,,,,,,,,,,,,,,,,,,,,
#친구소환,,,,,,,,,,,,,,,,,,,,,,,,,,,,,
,,,,,,,,,,,,,,,,,,,,,,,,,,,,,
#쿠쿠공구친정집에서,,,,,,,,,,,,,,,,,,,,,,,,,,,,,
,,,,,,,,,,,,,,,,,,,,,,,,,,,,,
,,,,,,,,,,,,,,,,,,,,,,,,,,,,,
,,,,,,,,,,,,,,,,,,,,,,,,,,,,,
,,,,,,,,,,,,,,,,,,,,,,,,,,,,,
,,,,,,,,,,,,,,,,,,,,,,,,,,,,,
,,,,,,,,,,,,,,,,,,,,,,,,,,,,,
,,,,,,,,,,,,,,,,,,,,,,,,,,,,,
,,,,,,,,,,,,,,,,,,,,,,,,,,,,,
,,,,,,,,,,,,,,,,,,,,,,,,,,,,,
,,,,,,,,,,,,,,,,,,,,,,,,,,,,,
,,,,,,,,,,,,,,,,,,,,,,,,,,,,,
,,,,,,,,,,,,,,,,,,,,,,,,,,,,,
,,,,,,,,,,,,,,,,,,,,,,,,,,,,,
,,,,,,,,,,,,,,,,,,,,,,,,,,,,,
,,,,,,,,,,,,,,,,,,,,,,,,,,,,,
,,,,,,,,,,,,,,,,,,,,,,,,,,,,,
,,,,,,,,,,,,,,,,,,,,,,,,,,,,,
,,,,,,,,,,,,,,,,,,,,,,,,,,,,,
,,,,,,,,,,,,,,,,,,,,,,,,,,,,,
,,,,,,,,,,,,,,,,,,,,,,,,,,,,,
,,,,,,,,,,,,,,,,,,,,,,,,,,,,,
,,,,,,,,,,,,,,,,,,,,,,,,,,,,,
,,,,,,,,,,,,,,,,,,,,,,,,,,,,,
,,,,,,,,,,,,,,,,,,,,,,,,,,,,,
,,,,,,,,,,,,,,,,,,,,,,,,,,,,,
,,,,,,,,,,,,,,,,,,,,,,,,,,,,,
,,,,,,,,,,,,,,,,,,,,,,,,,,,,,
,,,,,,,,,,,,,,,,,,,,,,,,,,,,,
,,,,,,,,,,,,,,,,,,,,,,,,,,,,,
,,,,,,,,,,,,,,,,,,,,,,,,,,,,,
#1401home,#패브릭소파,#그레이소파,#화이트테이블,#화이트식탁,#부엌인테리어,#거실인테리어,#오늘의집,#하우스그램,#위드테이블,#홈인테리어,#홈데코,,,,,,,,,,,,,,,,,,
,,,,,,,,,,,,,,,,,,,,,,,,,,,,,
,,,,,,,,,,,,,,,,,,,,,,,,,,,,,
,,,,,,,,,,,,,,,,,,,,,,,,,,,,,
,,,,,,,,,,,,,,,,,,,,,,,,,,,,,
,,,,,,,,,,,,,,,,,,,,,,,,,,,,,
,,,,,,,,,,,,,,,,,,,,,,,,,,,,,
,,,,,,,,,,,,,,,,,,,,,,,,,,,,,
,,,,,,,,,,,,,,,,,,,,,,,,,,,,,
,,,,,,,,,,,,,,,,,,,,,,,,,,,,,
,,,,,,,,,,,,,,,,,,,,,,,,,,,,,
,,,,,,,,,,,,,,,,,,,,,,,,,,,,,
,,,,,,,,,,,,,,,,,,,,,,,,,,,,,
,,,,,,,,,,,,,,,,,,,,,,,,,,,,,
,,,,,,,,,,,,,,,,,,,,,,,,,,,,,
,,,,,,,,,,,,,,,,,,,,,,,,,,,,,
,,,,,,,,,,,,,,,,,,,,,,,,,,,,,
,,,,,,,,,,,,,,,,,,,,,,,,,,,,,
,,,,,,,,,,,,,,,,,,,,,,,,,,,,,
,,,,,,,,,,,,,,,,,,,,,,,,,,,,,
,,,,,,,,,,,,,,,,,,,,,,,,,,,,,
,,,,,,,,,,,,,,,,,,,,,,,,,,,,,
,,,,,,,,,,,,,,,,,,,,,,,,,,,,,
,,,,,,,,,,,,,,,,,,,,,,,,,,,,,
,,,,,,,,,,,,,,,,,,,,,,,,,,,,,
,,,,,,,,,,,,,,,,,,,,,,,,,,,,,
,,,,,,,,,,,,,,,,,,,,,,,,,,,,,
,,,,,,,,,,,,,,,,,,,,,,,,,,,,,
,,,,,,,,,,,,,,,,,,,,,,,,,,,,,
,,,,,,,,,,,,,,,,,,,,,,,,,,,,,
#오소리순대여기는,#해운대막창,#키치니토키친여기는,,,,,,,,,,,,,,,,,,,,,,,,,,,
,,,,,,,,,,,,,,,,,,,,,,,,,,,,,
,,,,,,,,,,,,,,,,,,,,,,,,,,,,,
,,,,,,,,,,,,,,,,,,,,,,,,,,,,,
,,,,,,,,,,,,,,,,,,,,,,,,,,,,,
,,,,,,,,,,,,,,,,,,,,,,,,,,,,,
,,,,,,,,,,,,,,,,,,,,,,,,,,,,,
#댓글이벤트,,,,,,,,,,,,,,,,,,,,,,,,,,,,,
,,,,,,,,,,,,,,,,,,,,,,,,,,,,,
,,,,,,,,,,,,,,,,,,,,,,,,,,,,,
,,,,,,,,,,,,,,,,,,,,,,,,,,,,,
,,,,,,,,,,,,,,,,,,,,,,,,,,,,,
,,,,,,,,,,,,,,,,,,,,,,,,,,,,,
,,,,,,,,,,,,,,,,,,,,,,,,,,,,,
,,,,,,,,,,,,,,,,,,,,,,,,,,,,,
,,,,,,,,,,,,,,,,,,,,,,,,,,,,,
,,,,,,,,,,,,,,,,,,,,,,,,,,,,,
,,,,,,,,,,,,,,,,,,,,,,,,,,,,,
,,,,,,,,,,,,,,,,,,,,,,,,,,,,,
,,,,,,,,,,,,,,,,,,,,,,,,,,,,,
,,,,,,,,,,,,,,,,,,,,,,,,,,,,,
,,,,,,,,,,,,,,,,,,,,,,,,,,,,,
#NAME?,,,,,,,,,,,,,,,,,,,,,,,,,,,,,
,,,,,,,,,,,,,,,,,,,,,,,,,,,,,
,,,,,,,,,,,,,,,,,,,,,,,,,,,,,
,,,,,,,,,,,,,,,,,,,,,,,,,,,,,
,,,,,,,,,,,,,,,,,,,,,,,,,,,,,
#제품명,#1401home,#어라운드테이블,#플랫화이트테이블,#1401home,#거실인테리어,#신혼집,#신혼집인테리어,#집꾸미기,,,,,,,,,,,,,,,,,,,,,
,,,,,,,,,,,,,,,,,,,,,,,,,,,,,
,,,,,,,,,,,,,,,,,,,,,,,,,,,,,
,,,,,,,,,,,,,,,,,,,,,,,,,,,,,
,,,,,,,,,,,,,,,,,,,,,,,,,,,,,
,,,,,,,,,,,,,,,,,,,,,,,,,,,,,
,,,,,,,,,,,,,,,,,,,,,,,,,,,,,
,,,,,,,,,,,,,,,,,,,,,,,,,,,,,
,,,,,,,,,,,,,,,,,,,,,,,,,,,,,
,,,,,,,,,,,,,,,,,,,,,,,,,,,,,
,,,,,,,,,,,,,,,,,,,,,,,,,,,,,
,,,,,,,,,,,,,,,,,,,,,,,,,,,,,
,,,,,,,,,,,,,,,,,,,,,,,,,,,,,
,,,,,,,,,,,,,,,,,,,,,,,,,,,,,
,,,,,,,,,,,,,,,,,,,,,,,,,,,,,
,,,,,,,,,,,,,,,,,,,,,,,,,,,,,
,,,,,,,,,,,,,,,,,,,,,,,,,,,,,
,,,,,,,,,,,,,,,,,,,,,,,,,,,,,
,,,,,,,,,,,,,,,,,,,,,,,,,,,,,
,,,,,,,,,,,,,,,,,,,,,,,,,,,,,
,,,,,,,,,,,,,,,,,,,,,,,,,,,,,
,,,,,,,,,,,,,,,,,,,,,,,,,,,,,
,,,,,,,,,,,,,,,,,,,,,,,,,,,,,
,,,,,,,,,,,,,,,,,,,,,,,,,,,,,
,,,,,,,,,,,,,,,,,,,,,,,,,,,,,
,,,,,,,,,,,,,,,,,,,,,,,,,,,,,
,,,,,,,,,,,,,,,,,,,,,,,,,,,,,
,,,,,,,,,,,,,,,,,,,,,,,,,,,,,
,,,,,,,,,,,,,,,,,,,,,,,,,,,,,
,,,,,,,,,,,,,,,,,,,,,,,,,,,,,
,,,,,,,,,,,,,,,,,,,,,,,,,,,,,
,,,,,,,,,,,,,,,,,,,,,,,,,,,,,
,,,,,,,,,,,,,,,,,,,,,,,,,,,,,
,,,,,,,,,,,,,,,,,,,,,,,,,,,,,
,,,,,,,,,,,,,,,,,,,,,,,,,,,,,
,,,,,,,,,,,,,,,,,,,,,,,,,,,,,
#이태원한달살기,,,,,,,,,,,,,,,,,,,,,,,,,,,,,
,,,,,,,,,,,,,,,,,,,,,,,,,,,,,
,,,,,,,,,,,,,,,,,,,,,,,,,,,,,
,,,,,,,,,,,,,,,,,,,,,,,,,,,,,
,,,,,,,,,,,,,,,,,,,,,,,,,,,,,
,,,,,,,,,,,,,,,,,,,,,,,,,,,,,
,,,,,,,,,,,,,,,,,,,,,,,,,,,,,
,,,,,,,,,,,,,,,,,,,,,,,,,,,,,
,,,,,,,,,,,,,,,,,,,,,,,,,,,,,
,,,,,,,,,,,,,,,,,,,,,,,,,,,,,
,,,,,,,,,,,,,,,,,,,,,,,,,,,,,
,,,,,,,,,,,,,,,,,,,,,,,,,,,,,
,,,,,,,,,,,,,,,,,,,,,,,,,,,,,
,,,,,,,,,,,,,,,,,,,,,,,,,,,,,
,,,,,,,,,,,,,,,,,,,,,,,,,,,,,
,,,,,,,,,,,,,,,,,,,,,,,,,,,,,
,,,,,,,,,,,,,,,,,,,,,,,,,,,,,
,,,,,,,,,,,,,,,,,,,,,,,,,,,,,
,,,,,,,,,,,,,,,,,,,,,,,,,,,,,
,,,,,,,,,,,,,,,,,,,,,,,,,,,,,
,,,,,,,,,,,,,,,,,,,,,,,,,,,,,
,,,,,,,,,,,,,,,,,,,,,,,,,,,,,
#집스타그램,#전원속의내집,,,,,,,,,,,,,,,,,,,,,,,,,,,,
,,,,,,,,,,,,,,,,,,,,,,,,,,,,,
,,,,,,,,,,,,,,,,,,,,,,,,,,,,,
,,,,,,,,,,,,,,,,,,,,,,,,,,,,,
,,,,,,,,,,,,,,,,,,,,,,,,,,,,,
,,,,,,,,,,,,,,,,,,,,,,,,,,,,,
,,,,,,,,,,,,,,,,,,,,,,,,,,,,,
,,,,,,,,,,,,,,,,,,,,,,,,,,,,,
,,,,,,,,,,,,,,,,,,,,,,,,,,,,,
,,,,,,,,,,,,,,,,,,,,,,,,,,,,,
,,,,,,,,,,,,,,,,,,,,,,,,,,,,,
,,,,,,,,,,,,,,,,,,,,,,,,,,,,,
,,,,,,,,,,,,,,,,,,,,,,,,,,,,,
,,,,,,,,,,,,,,,,,,,,,,,,,,,,,
,,,,,,,,,,,,,,,,,,,,,,,,,,,,,
,,,,,,,,,,,,,,,,,,,,,,,,,,,,,
,,,,,,,,,,,,,,,,,,,,,,,,,,,,,
,,,,,,,,,,,,,,,,,,,,,,,,,,,,,
,,,,,,,,,,,,,,,,,,,,,,,,,,,,,
,,,,,,,,,,,,,,,,,,,,,,,,,,,,,
,,,,,,,,,,,,,,,,,,,,,,,,,,,,,
,,,,,,,,,,,,,,,,,,,,,,,,,,,,,
,,,,,,,,,,,,,,,,,,,,,,,,,,,,,
,,,,,,,,,,,,,,,,,,,,,,,,,,,,,
,,,,,,,,,,,,,,,,,,,,,,,,,,,,,
,,,,,,,,,,,,,,,,,,,,,,,,,,,,,
,,,,,,,,,,,,,,,,,,,,,,,,,,,,,
,,,,,,,,,,,,,,,,,,,,,,,,,,,,,
,,,,,,,,,,,,,,,,,,,,,,,,,,,,,
,,,,,,,,,,,,,,,,,,,,,,,,,,,,,
,,,,,,,,,,,,,,,,,,,,,,,,,,,,,
,,,,,,,,,,,,,,,,,,,,,,,,,,,,,
,,,,,,,,,,,,,,,,,,,,,,,,,,,,,
,,,,,,,,,,,,,,,,,,,,,,,,,,,,,
,,,,,,,,,,,,,,,,,,,,,,,,,,,,,
,,,,,,,,,,,,,,,,,,,,,,,,,,,,,
#비스트로온,,,,,,,,,,,,,,,,,,,,,,,,,,,,,
,,,,,,,,,,,,,,,,,,,,,,,,,,,,,
,,,,,,,,,,,,,,,,,,,,,,,,,,,,,
,,,,,,,,,,,,,,,,,,,,,,,,,,,,,
,,,,,,,,,,,,,,,,,,,,,,,,,,,,,
,,,,,,,,,,,,,,,,,,,,,,,,,,,,,
,,,,,,,,,,,,,,,,,,,,,,,,,,,,,
,,,,,,,,,,,,,,,,,,,,,,,,,,,,,
,,,,,,,,,,,,,,,,,,,,,,,,,,,,,
,,,,,,,,,,,,,,,,,,,,,,,,,,,,,
,,,,,,,,,,,,,,,,,,,,,,,,,,,,,
,,,,,,,,,,,,,,,,,,,,,,,,,,,,,
,,,,,,,,,,,,,,,,,,,,,,,,,,,,,
,,,,,,,,,,,,,,,,,,,,,,,,,,,,,
,,,,,,,,,,,,,,,,,,,,,,,,,,,,,
,,,,,,,,,,,,,,,,,,,,,,,,,,,,,
,,,,,,,,,,,,,,,,,,,,,,,,,,,,,
,,,,,,,,,,,,,,,,,,,,,,,,,,,,,
,,,,,,,,,,,,,,,,,,,,,,,,,,,,,
,,,,,,,,,,,,,,,,,,,,,,,,,,,,,
,,,,,,,,,,,,,,,,,,,,,,,,,,,,,
,,,,,,,,,,,,,,,,,,,,,,,,,,,,,
,,,,,,,,,,,,,,,,,,,,,,,,,,,,,
,,,,,,,,,,,,,,,,,,,,,,,,,,,,,
,,,,,,,,,,,,,,,,,,,,,,,,,,,,,
,,,,,,,,,,,,,,,,,,,,,,,,,,,,,
,,,,,,,,,,,,,,,,,,,,,,,,,,,,,
,,,,,,,,,,,,,,,,,,,,,,,,,,,,,
,,,,,,,,,,,,,,,,,,,,,,,,,,,,,
,,,,,,,,,,,,,,,,,,,,,,,,,,,,,
,,,,,,,,,,,,,,,,,,,,,,,,,,,,,
,,,,,,,,,,,,,,,,,,,,,,,,,,,,,
,,,,,,,,,,,,,,,,,,,,,,,,,,,,,
,,,,,,,,,,,,,,,,,,,,,,,,,,,,,
,,,,,,,,,,,,,,,,,,,,,,,,,,,,,
,,,,,,,,,,,,,,,,,,,,,,,,,,,,,
,,,,,,,,,,,,,,,,,,,,,,,,,,,,,
,,,,,,,,,,,,,,,,,,,,,,,,,,,,,
,,,,,,,,,,,,,,,,,,,,,,,,,,,,,
,,,,,,,,,,,,,,,,,,,,,,,,,,,,,
,,,,,,,,,,,,,,,,,,,,,,,,,,,,,
,,,,,,,,,,,,,,,,,,,,,,,,,,,,,
,,,,,,,,,,,,,,,,,,,,,,,,,,,,,
,,,,,,,,,,,,,,,,,,,,,,,,,,,,,
,,,,,,,,,,,,,,,,,,,,,,,,,,,,,
,,,,,,,,,,,,,,,,,,,,,,,,,,,,,
,,,,,,,,,,,,,,,,,,,,,,,,,,,,,
,,,,,,,,,,,,,,,,,,,,,,,,,,,,,
,,,,,,,,,,,,,,,,,,,,,,,,,,,,,
,,,,,,,,,,,,,,,,,,,,,,,,,,,,,
,,,,,,,,,,,,,,,,,,,,,,,,,,,,,
,,,,,,,,,,,,,,,,,,,,,,,,,,,,,
,,,,,,,,,,,,,,,,,,,,,,,,,,,,,
,,,,,,,,,,,,,,,,,,,,,,,,,,,,,
,,,,,,,,,,,,,,,,,,,,,,,,,,,,,
,,,,,,,,,,,,,,,,,,,,,,,,,,,,,
#프라다,#바비브라운,#피코크,,,,,,,,,,,,,,,,,,,,,,,,,,,
,,,,,,,,,,,,,,,,,,,,,,,,,,,,,
,,,,,,,,,,,,,,,,,,,,,,,,,,,,,
,,,,,,,,,,,,,,,,,,,,,,,,,,,,,
,,,,,,,,,,,,,,,,,,,,,,,,,,,,,
,,,,,,,,,,,,,,,,,,,,,,,,,,,,,
,,,,,,,,,,,,,,,,,,,,,,,,,,,,,
,,,,,,,,,,,,,,,,,,,,,,,,,,,,,
,,,,,,,,,,,,,,,,,,,,,,,,,,,,,
,,,,,,,,,,,,,,,,,,,,,,,,,,,,,
,,,,,,,,,,,,,,,,,,,,,,,,,,,,,
,,,,,,,,,,,,,,,,,,,,,,,,,,,,,
,,,,,,,,,,,,,,,,,,,,,,,,,,,,,
,,,,,,,,,,,,,,,,,,,,,,,,,,,,,
,,,,,,,,,,,,,,,,,,,,,,,,,,,,,
,,,,,,,,,,,,,,,,,,,,,,,,,,,,,
,,,,,,,,,,,,,,,,,,,,,,,,,,,,,
,,,,,,,,,,,,,,,,,,,,,,,,,,,,,
,,,,,,,,,,,,,,,,,,,,,,,,,,,,,
,,,,,,,,,,,,,,,,,,,,,,,,,,,,,
,,,,,,,,,,,,,,,,,,,,,,,,,,,,,
,,,,,,,,,,,,,,,,,,,,,,,,,,,,,
,,,,,,,,,,,,,,,,,,,,,,,,,,,,,
,,,,,,,,,,,,,,,,,,,,,,,,,,,,,
,,,,,,,,,,,,,,,,,,,,,,,,,,,,,
,,,,,,,,,,,,,,,,,,,,,,,,,,,,,
,,,,,,,,,,,,,,,,,,,,,,,,,,,,,
#제품명,#1401home,#어라운드테이블,#1401home,#거실인테리어,#신혼집,#신혼집인테리어,#집꾸미기,,,,,,,,,,,,,,,,,,,,,,
,,,,,,,,,,,,,,,,,,,,,,,,,,,,,
,,,,,,,,,,,,,,,,,,,,,,,,,,,,,
,,,,,,,,,,,,,,,,,,,,,,,,,,,,,
,,,,,,,,,,,,,,,,,,,,,,,,,,,,,
,,,,,,,,,,,,,,,,,,,,,,,,,,,,,
,,,,,,,,,,,,,,,,,,,,,,,,,,,,,
,,,,,,,,,,,,,,,,,,,,,,,,,,,,,
,,,,,,,,,,,,,,,,,,,,,,,,,,,,,
,,,,,,,,,,,,,,,,,,,,,,,,,,,,,
,,,,,,,,,,,,,,,,,,,,,,,,,,,,,
,,,,,,,,,,,,,,,,,,,,,,,,,,,,,
,,,,,,,,,,,,,,,,,,,,,,,,,,,,,
,,,,,,,,,,,,,,,,,,,,,,,,,,,,,
,,,,,,,,,,,,,,,,,,,,,,,,,,,,,
,,,,,,,,,,,,,,,,,,,,,,,,,,,,,
,,,,,,,,,,,,,,,,,,,,,,,,,,,,,
,,,,,,,,,,,,,,,,,,,,,,,,,,,,,
,,,,,,,,,,,,,,,,,,,,,,,,,,,,,
,,,,,,,,,,,,,,,,,,,,,,,,,,,,,
,,,,,,,,,,,,,,,,,,,,,,,,,,,,,
,,,,,,,,,,,,,,,,,,,,,,,,,,,,,
,,,,,,,,,,,,,,,,,,,,,,,,,,,,,
,,,,,,,,,,,,,,,,,,,,,,,,,,,,,
,,,,,,,,,,,,,,,,,,,,,,,,,,,,,
,,,,,,,,,,,,,,,,,,,,,,,,,,,,,
,,,,,,,,,,,,,,,,,,,,,,,,,,,,,
,,,,,,,,,,,,,,,,,,,,,,,,,,,,,
,,,,,,,,,,,,,,,,,,,,,,,,,,,,,
,,,,,,,,,,,,,,,,,,,,,,,,,,,,,
,,,,,,,,,,,,,,,,,,,,,,,,,,,,,
,,,,,,,,,,,,,,,,,,,,,,,,,,,,,
,,,,,,,,,,,,,,,,,,,,,,,,,,,,,
,,,,,,,,,,,,,,,,,,,,,,,,,,,,,
,,,,,,,,,,,,,,,,,,,,,,,,,,,,,
,,,,,,,,,,,,,,,,,,,,,,,,,,,,,
,,,,,,,,,,,,,,,,,,,,,,,,,,,,,
,,,,,,,,,,,,,,,,,,,,,,,,,,,,,
,,,,,,,,,,,,,,,,,,,,,,,,,,,,,
,,,,,,,,,,,,,,,,,,,,,,,,,,,,,
,,,,,,,,,,,,,,,,,,,,,,,,,,,,,
,,,,,,,,,,,,,,,,,,,,,,,,,,,,,
,,,,,,,,,,,,,,,,,,,,,,,,,,,,,
,,,,,,,,,,,,,,,,,,,,,,,,,,,,,
,,,,,,,,,,,,,,,,,,,,,,,,,,,,,
,,,,,,,,,,,,,,,,,,,,,,,,,,,,,
#윤현상재보물창고,,,,,,,,,,,,,,,,,,,,,,,,,,,,,
,,,,,,,,,,,,,,,,,,,,,,,,,,,,,
,,,,,,,,,,,,,,,,,,,,,,,,,,,,,
#댓글후기이벤트,,,,,,,,,,,,,,,,,,,,,,,,,,,,,
,,,,,,,,,,,,,,,,,,,,,,,,,,,,,
,,,,,,,,,,,,,,,,,,,,,,,,,,,,,
,,,,,,,,,,,,,,,,,,,,,,,,,,,,,
,,,,,,,,,,,,,,,,,,,,,,,,,,,,,
,,,,,,,,,,,,,,,,,,,,,,,,,,,,,
,,,,,,,,,,,,,,,,,,,,,,,,,,,,,
,,,,,,,,,,,,,,,,,,,,,,,,,,,,,
,,,,,,,,,,,,,,,,,,,,,,,,,,,,,
#아스티에드빌라트,,,,,,,,,,,,,,,,,,,,,,,,,,,,,
,,,,,,,,,,,,,,,,,,,,,,,,,,,,,
,,,,,,,,,,,,,,,,,,,,,,,,,,,,,
,,,,,,,,,,,,,,,,,,,,,,,,,,,,,
,,,,,,,,,,,,,,,,,,,,,,,,,,,,,
#에리바투어링,,,,,,,,,,,,,,,,,,,,,,,,,,,,,
#제품명,#1401home,#어라운드테이블,#1401home,#거실인테리어,#신혼집,#신혼집인테리어,#집꾸미기,,,,,,,,,,,,,,,,,,,,,,
,,,,,,,,,,,,,,,,,,,,,,,,,,,,,
,,,,,,,,,,,,,,,,,,,,,,,,,,,,,
,,,,,,,,,,,,,,,,,,,,,,,,,,,,,
,,,,,,,,,,,,,,,,,,,,,,,,,,,,,
,,,,,,,,,,,,,,,,,,,,,,,,,,,,,
,,,,,,,,,,,,,,,,,,,,,,,,,,,,,
,,,,,,,,,,,,,,,,,,,,,,,,,,,,,
,,,,,,,,,,,,,,,,,,,,,,,,,,,,,
#미디어82,#원로그,,,,,,,,,,,,,,,,,,,,,,,,,,,,
,,,,,,,,,,,,,,,,,,,,,,,,,,,,,
,,,,,,,,,,,,,,,,,,,,,,,,,,,,,
,,,,,,,,,,,,,,,,,,,,,,,,,,,,,
,,,,,,,,,,,,,,,,,,,,,,,,,,,,,
,,,,,,,,,,,,,,,,,,,,,,,,,,,,,
,,,,,,,,,,,,,,,,,,,,,,,,,,,,,
,,,,,,,,,,,,,,,,,,,,,,,,,,,,,
,,,,,,,,,,,,,,,,,,,,,,,,,,,,,
,,,,,,,,,,,,,,,,,,,,,,,,,,,,,
,,,,,,,,,,,,,,,,,,,,,,,,,,,,,
,,,,,,,,,,,,,,,,,,,,,,,,,,,,,
,,,,,,,,,,,,,,,,,,,,,,,,,,,,,
,,,,,,,,,,,,,,,,,,,,,,,,,,,,,
,,,,,,,,,,,,,,,,,,,,,,,,,,,,,
,,,,,,,,,,,,,,,,,,,,,,,,,,,,,
,,,,,,,,,,,,,,,,,,,,,,,,,,,,,
,,,,,,,,,,,,,,,,,,,,,,,,,,,,,
,,,,,,,,,,,,,,,,,,,,,,,,,,,,,
#스토리이벤트,,,,,,,,,,,,,,,,,,,,,,,,,,,,,
,,,,,,,,,,,,,,,,,,,,,,,,,,,,,
,,,,,,,,,,,,,,,,,,,,,,,,,,,,,
,,,,,,,,,,,,,,,,,,,,,,,,,,,,,
,,,,,,,,,,,,,,,,,,,,,,,,,,,,,
,,,,,,,,,,,,,,,,,,,,,,,,,,,,,
,,,,,,,,,,,,,,,,,,,,,,,,,,,,,
,,,,,,,,,,,,,,,,,,,,,,,,,,,,,
,,,,,,,,,,,,,,,,,,,,,,,,,,,,,
,,,,,,,,,,,,,,,,,,,,,,,,,,,,,
,,,,,,,,,,,,,,,,,,,,,,,,,,,,,
,,,,,,,,,,,,,,,,,,,,,,,,,,,,,
#에리바투어링530,,,,,,,,,,,,,,,,,,,,,,,,,,,,,
,,,,,,,,,,,,,,,,,,,,,,,,,,,,,
,,,,,,,,,,,,,,,,,,,,,,,,,,,,,
,,,,,,,,,,,,,,,,,,,,,,,,,,,,,
,,,,,,,,,,,,,,,,,,,,,,,,,,,,,
#엄마들의카톡프사가이해됨,,,,,,,,,,,,,,,,,,,,,,,,,,,,,
#지복득마루,#윤현상재,,,,,,,,,,,,,,,,,,,,,,,,,,,,
,,,,,,,,,,,,,,,,,,,,,,,,,,,,,
,,,,,,,,,,,,,,,,,,,,,,,,,,,,,
,,,,,,,,,,,,,,,,,,,,,,,,,,,,,
,,,,,,,,,,,,,,,,,,,,,,,,,,,,,
,,,,,,,,,,,,,,,,,,,,,,,,,,,,,
,,,,,,,,,,,,,,,,,,,,,,,,,,,,,
,,,,,,,,,,,,,,,,,,,,,,,,,,,,,
,,,,,,,,,,,,,,,,,,,,,,,,,,,,,
,,,,,,,,,,,,,,,,,,,,,,,,,,,,,
,,,,,,,,,,,,,,,,,,,,,,,,,,,,,
,,,,,,,,,,,,,,,,,,,,,,,,,,,,,
,,,,,,,,,,,,,,,,,,,,,,,,,,,,,
,,,,,,,,,,,,,,,,,,,,,,,,,,,,,
,,,,,,,,,,,,,,,,,,,,,,,,,,,,,
,,,,,,,,,,,,,,,,,,,,,,,,,,,,,
,,,,,,,,,,,,,,,,,,,,,,,,,,,,,
,,,,,,,,,,,,,,,,,,,,,,,,,,,,,
,,,,,,,,,,,,,,,,,,,,,,,,,,,,,
,,,,,,,,,,,,,,,,,,,,,,,,,,,,,
,,,,,,,,,,,,,,,,,,,,,,,,,,,,,
,,,,,,,,,,,,,,,,,,,,,,,,,,,,,
,,,,,,,,,,,,,,,,,,,,,,,,,,,,,
,,,,,,,,,,,,,,,,,,,,,,,,,,,,,
,,,,,,,,,,,,,,,,,,,,,,,,,,,,,
,,,,,,,,,,,,,,,,,,,,,,,,,,,,,
,,,,,,,,,,,,,,,,,,,,,,,,,,,,,
,,,,,,,,,,,,,,,,,,,,,,,,,,,,,
,,,,,,,,,,,,,,,,,,,,,,,,,,,,,
,,,,,,,,,,,,,,,,,,,,,,,,,,,,,
,,,,,,,,,,,,,,,,,,,,,,,,,,,,,
,,,,,,,,,,,,,,,,,,,,,,,,,,,,,
,,,,,,,,,,,,,,,,,,,,,,,,,,,,,
#카민디자인,,,,,,,,,,,,,,,,,,,,,,,,,,,,,
,,,,,,,,,,,,,,,,,,,,,,,,,,,,,
,,,,,,,,,,,,,,,,,,,,,,,,,,,,,
,,,,,,,,,,,,,,,,,,,,,,,,,,,,,
,,,,,,,,,,,,,,,,,,,,,,,,,,,,,
,,,,,,,,,,,,,,,,,,,,,,,,,,,,,
,,,,,,,,,,,,,,,,,,,,,,,,,,,,,
,,,,,,,,,,,,,,,,,,,,,,,,,,,,,
,,,,,,,,,,,,,,,,,,,,,,,,,,,,,
,,,,,,,,,,,,,,,,,,,,,,,,,,,,,
,,,,,,,,,,,,,,,,,,,,,,,,,,,,,
,,,,,,,,,,,,,,,,,,,,,,,,,,,,,
,,,,,,,,,,,,,,,,,,,,,,,,,,,,,
,,,,,,,,,,,,,,,,,,,,,,,,,,,,,
,,,,,,,,,,,,,,,,,,,,,,,,,,,,,
,,,,,,,,,,,,,,,,,,,,,,,,,,,,,
,,,,,,,,,,,,,,,,,,,,,,,,,,,,,
,,,,,,,,,,,,,,,,,,,,,,,,,,,,,
,,,,,,,,,,,,,,,,,,,,,,,,,,,,,
,,,,,,,,,,,,,,,,,,,,,,,,,,,,,
,,,,,,,,,,,,,,,,,,,,,,,,,,,,,
,,,,,,,,,,,,,,,,,,,,,,,,,,,,,
,,,,,,,,,,,,,,,,,,,,,,,,,,,,,
,,,,,,,,,,,,,,,,,,,,,,,,,,,,,
,,,,,,,,,,,,,,,,,,,,,,,,,,,,,
#디트리쉬,,,,,,,,,,,,,,,,,,,,,,,,,,,,,
,,,,,,,,,,,,,,,,,,,,,,,,,,,,,
,,,,,,,,,,,,,,,,,,,,,,,,,,,,,
,,,,,,,,,,,,,,,,,,,,,,,,,,,,,
#어쩌다로맨스,,,,,,,,,,,,,,,,,,,,,,,,,,,,,
,,,,,,,,,,,,,,,,,,,,,,,,,,,,,
,,,,,,,,,,,,,,,,,,,,,,,,,,,,,
,,,,,,,,,,,,,,,,,,,,,,,,,,,,,
#그남자의기억법,,,,,,,,,,,,,,,,,,,,,,,,,,,,,
#구글홈미니,,,,,,,,,,,,,,,,,,,,,,,,,,,,,
,,,,,,,,,,,,,,,,,,,,,,,,,,,,,
,,,,,,,,,,,,,,,,,,,,,,,,,,,,,
,,,,,,,,,,,,,,,,,,,,,,,,,,,,,
,,,,,,,,,,,,,,,,,,,,,,,,,,,,,
,,,,,,,,,,,,,,,,,,,,,,,,,,,,,
,,,,,,,,,,,,,,,,,,,,,,,,,,,,,
,,,,,,,,,,,,,,,,,,,,,,,,,,,,,
,,,,,,,,,,,,,,,,,,,,,,,,,,,,,
,,,,,,,,,,,,,,,,,,,,,,,,,,,,,
,,,,,,,,,,,,,,,,,,,,,,,,,,,,,
,,,,,,,,,,,,,,,,,,,,,,,,,,,,,
,,,,,,,,,,,,,,,,,,,,,,,,,,,,,
,,,,,,,,,,,,,,,,,,,,,,,,,,,,,
,,,,,,,,,,,,,,,,,,,,,,,,,,,,,
,,,,,,,,,,,,,,,,,,,,,,,,,,,,,
,,,,,,,,,,,,,,,,,,,,,,,,,,,,,
,,,,,,,,,,,,,,,,,,,,,,,,,,,,,
,,,,,,,,,,,,,,,,,,,,,,,,,,,,,
,,,,,,,,,,,,,,,,,,,,,,,,,,,,,
,,,,,,,,,,,,,,,,,,,,,,,,,,,,,
,,,,,,,,,,,,,,,,,,,,,,,,,,,,,
,,,,,,,,,,,,,,,,,,,,,,,,,,,,,
,,,,,,,,,,,,,,,,,,,,,,,,,,,,,
,,,,,,,,,,,,,,,,,,,,,,,,,,,,,
,,,,,,,,,,,,,,,,,,,,,,,,,,,,,
,,,,,,,,,,,,,,,,,,,,,,,,,,,,,
,,,,,,,,,,,,,,,,,,,,,,,,,,,,,
,,,,,,,,,,,,,,,,,,,,,,,,,,,,,
,,,,,,,,,,,,,,,,,,,,,,,,,,,,,
,,,,,,,,,,,,,,,,,,,,,,,,,,,,,
,,,,,,,,,,,,,,,,,,,,,,,,,,,,,
,,,,,,,,,,,,,,,,,,,,,,,,,,,,,
,,,,,,,,,,,,,,,,,,,,,,,,,,,,,
,,,,,,,,,,,,,,,,,,,,,,,,,,,,,
,,,,,,,,,,,,,,,,,,,,,,,,,,,,,
,,,,,,,,,,,,,,,,,,,,,,,,,,,,,
,,,,,,,,,,,,,,,,,,,,,,,,,,,,,
,,,,,,,,,,,,,,,,,,,,,,,,,,,,,
,,,,,,,,,,,,,,,,,,,,,,,,,,,,,
,,,,,,,,,,,,,,,,,,,,,,,,,,,,,
#내돈내산,,,,,,,,,,,,,,,,,,,,,,,,,,,,,
,,,,,,,,,,,,,,,,,,,,,,,,,,,,,
,,,,,,,,,,,,,,,,,,,,,,,,,,,,,
,,,,,,,,,,,,,,,,,,,,,,,,,,,,,
,,,,,,,,,,,,,,,,,,,,,,,,,,,,,
,,,,,,,,,,,,,,,,,,,,,,,,,,,,,
,,,,,,,,,,,,,,,,,,,,,,,,,,,,,
,,,,,,,,,,,,,,,,,,,,,,,,,,,,,
,,,,,,,,,,,,,,,,,,,,,,,,,,,,,
,,,,,,,,,,,,,,,,,,,,,,,,,,,,,
,,,,,,,,,,,,,,,,,,,,,,,,,,,,,
,,,,,,,,,,,,,,,,,,,,,,,,,,,,,
,,,,,,,,,,,,,,,,,,,,,,,,,,,,,
,,,,,,,,,,,,,,,,,,,,,,,,,,,,,
,,,,,,,,,,,,,,,,,,,,,,,,,,,,,
,,,,,,,,,,,,,,,,,,,,,,,,,,,,,
,,,,,,,,,,,,,,,,,,,,,,,,,,,,,
,,,,,,,,,,,,,,,,,,,,,,,,,,,,,
,,,,,,,,,,,,,,,,,,,,,,,,,,,,,
,,,,,,,,,,,,,,,,,,,,,,,,,,,,,
,,,,,,,,,,,,,,,,,,,,,,,,,,,,,
,,,,,,,,,,,,,,,,,,,,,,,,,,,,,
,,,,,,,,,,,,,,,,,,,,,,,,,,,,,
,,,,,,,,,,,,,,,,,,,,,,,,,,,,,
,,,,,,,,,,,,,,,,,,,,,,,,,,,,,
,,,,,,,,,,,,,,,,,,,,,,,,,,,,,
,,,,,,,,,,,,,,,,,,,,,,,,,,,,,
,,,,,,,,,,,,,,,,,,,,,,,,,,,,,
,,,,,,,,,,,,,,,,,,,,,,,,,,,,,
,,,,,,,,,,,,,,,,,,,,,,,,,,,,,
,,,,,,,,,,,,,,,,,,,,,,,,,,,,,
,,,,,,,,,,,,,,,,,,,,,,,,,,,,,
,,,,,,,,,,,,,,,,,,,,,,,,,,,,,
,,,,,,,,,,,,,,,,,,,,,,,,,,,,,
,,,,,,,,,,,,,,,,,,,,,,,,,,,,,
,,,,,,,,,,,,,,,,,,,,,,,,,,,,,
,,,,,,,,,,,,,,,,,,,,,,,,,,,,,
#댓글이벤트,,,,,,,,,,,,,,,,,,,,,,,,,,,,,
,,,,,,,,,,,,,,,,,,,,,,,,,,,,,
,,,,,,,,,,,,,,,,,,,,,,,,,,,,,
,,,,,,,,,,,,,,,,,,,,,,,,,,,,,
,,,,,,,,,,,,,,,,,,,,,,,,,,,,,
,,,,,,,,,,,,,,,,,,,,,,,,,,,,,
#공동구매??,,,,,,,,,,,,,,,,,,,,,,,,,,,,,
,,,,,,,,,,,,,,,,,,,,,,,,,,,,,
,,,,,,,,,,,,,,,,,,,,,,,,,,,,,
#브라운인디고저녁에,#여수나른??콘파냐,#상아식당하,,,,,,,,,,,,,,,,,,,,,,,,,,,
,,,,,,,,,,,,,,,,,,,,,,,,,,,,,
,,,,,,,,,,,,,,,,,,,,,,,,,,,,,
,,,,,,,,,,,,,,,,,,,,,,,,,,,,,
,,,,,,,,,,,,,,,,,,,,,,,,,,,,,
,,,,,,,,,,,,,,,,,,,,,,,,,,,,,
,,,,,,,,,,,,,,,,,,,,,,,,,,,,,
,,,,,,,,,,,,,,,,,,,,,,,,,,,,,
,,,,,,,,,,,,,,,,,,,,,,,,,,,,,
,,,,,,,,,,,,,,,,,,,,,,,,,,,,,
,,,,,,,,,,,,,,,,,,,,,,,,,,,,,
,,,,,,,,,,,,,,,,,,,,,,,,,,,,,
,,,,,,,,,,,,,,,,,,,,,,,,,,,,,
#캠핑스타그램,#캠핑용품,#감성캠,#피크닉매트,,,,,,,,,,,,,,,,,,,,,,,,,,
,,,,,,,,,,,,,,,,,,,,,,,,,,,,,
,,,,,,,,,,,,,,,,,,,,,,,,,,,,,
,,,,,,,,,,,,,,,,,,,,,,,,,,,,,
,,,,,,,,,,,,,,,,,,,,,,,,,,,,,
,,,,,,,,,,,,,,,,,,,,,,,,,,,,,
,,,,,,,,,,,,,,,,,,,,,,,,,,,,,
#제품협찬,#광고?애정하는,,,,,,,,,,,,,,,,,,,,,,,,,,,,
,,,,,,,,,,,,,,,,,,,,,,,,,,,,,
,,,,,,,,,,,,,,,,,,,,,,,,,,,,,
,,,,,,,,,,,,,,,,,,,,,,,,,,,,,
,,,,,,,,,,,,,,,,,,,,,,,,,,,,,
,,,,,,,,,,,,,,,,,,,,,,,,,,,,,
,,,,,,,,,,,,,,,,,,,,,,,,,,,,,
,,,,,,,,,,,,,,,,,,,,,,,,,,,,,
,,,,,,,,,,,,,,,,,,,,,,,,,,,,,
,,,,,,,,,,,,,,,,,,,,,,,,,,,,,
,,,,,,,,,,,,,,,,,,,,,,,,,,,,,
,,,,,,,,,,,,,,,,,,,,,,,,,,,,,
,,,,,,,,,,,,,,,,,,,,,,,,,,,,,
,,,,,,,,,,,,,,,,,,,,,,,,,,,,,
,,,,,,,,,,,,,,,,,,,,,,,,,,,,,
,,,,,,,,,,,,,,,,,,,,,,,,,,,,,
,,,,,,,,,,,,,,,,,,,,,,,,,,,,,
,,,,,,,,,,,,,,,,,,,,,,,,,,,,,
,,,,,,,,,,,,,,,,,,,,,,,,,,,,,
,,,,,,,,,,,,,,,,,,,,,,,,,,,,,
,,,,,,,,,,,,,,,,,,,,,,,,,,,,,
,,,,,,,,,,,,,,,,,,,,,,,,,,,,,
,,,,,,,,,,,,,,,,,,,,,,,,,,,,,
,,,,,,,,,,,,,,,,,,,,,,,,,,,,,
,,,,,,,,,,,,,,,,,,,,,,,,,,,,,
,,,,,,,,,,,,,,,,,,,,,,,,,,,,,
,,,,,,,,,,,,,,,,,,,,,,,,,,,,,
#광고,#네스프레소,#버츄오넥스트,#나의커피를찾다,,,,,,,,,,,,,,,,,,,,,,,,,,
,,,,,,,,,,,,,,,,,,,,,,,,,,,,,
,,,,,,,,,,,,,,,,,,,,,,,,,,,,,
,,,,,,,,,,,,,,,,,,,,,,,,,,,,,
,,,,,,,,,,,,,,,,,,,,,,,,,,,,,
,,,,,,,,,,,,,,,,,,,,,,,,,,,,,
,,,,,,,,,,,,,,,,,,,,,,,,,,,,,
,,,,,,,,,,,,,,,,,,,,,,,,,,,,,
,,,,,,,,,,,,,,,,,,,,,,,,,,,,,
,,,,,,,,,,,,,,,,,,,,,,,,,,,,,
,,,,,,,,,,,,,,,,,,,,,,,,,,,,,
,,,,,,,,,,,,,,,,,,,,,,,,,,,,,
,,,,,,,,,,,,,,,,,,,,,,,,,,,,,
,,,,,,,,,,,,,,,,,,,,,,,,,,,,,
,,,,,,,,,,,,,,,,,,,,,,,,,,,,,
,,,,,,,,,,,,,,,,,,,,,,,,,,,,,
,,,,,,,,,,,,,,,,,,,,,,,,,,,,,
,,,,,,,,,,,,,,,,,,,,,,,,,,,,,
,,,,,,,,,,,,,,,,,,,,,,,,,,,,,
,,,,,,,,,,,,,,,,,,,,,,,,,,,,,
,,,,,,,,,,,,,,,,,,,,,,,,,,,,,
,,,,,,,,,,,,,,,,,,,,,,,,,,,,,
,,,,,,,,,,,,,,,,,,,,,,,,,,,,,
,,,,,,,,,,,,,,,,,,,,,,,,,,,,,
,,,,,,,,,,,,,,,,,,,,,,,,,,,,,
,,,,,,,,,,,,,,,,,,,,,,,,,,,,,
,,,,,,,,,,,,,,,,,,,,,,,,,,,,,
,,,,,,,,,,,,,,,,,,,,,,,,,,,,,
,,,,,,,,,,,,,,,,,,,,,,,,,,,,,
,,,,,,,,,,,,,,,,,,,,,,,,,,,,,
,,,,,,,,,,,,,,,,,,,,,,,,,,,,,
,,,,,,,,,,,,,,,,,,,,,,,,,,,,,
,,,,,,,,,,,,,,,,,,,,,,,,,,,,,
,,,,,,,,,,,,,,,,,,,,,,,,,,,,,
,,,,,,,,,,,,,,,,,,,,,,,,,,,,,
,,,,,,,,,,,,,,,,,,,,,,,,,,,,,
,,,,,,,,,,,,,,,,,,,,,,,,,,,,,
,,,,,,,,,,,,,,,,,,,,,,,,,,,,,
,,,,,,,,,,,,,,,,,,,,,,,,,,,,,
,,,,,,,,,,,,,,,,,,,,,,,,,,,,,
,,,,,,,,,,,,,,,,,,,,,,,,,,,,,
#일광전구,#아르떼미데,#톨로메오,,,,,,,,,,,,,,,,,,,,,,,,,,,
,,,,,,,,,,,,,,,,,,,,,,,,,,,,,
,,,,,,,,,,,,,,,,,,,,,,,,,,,,,
,,,,,,,,,,,,,,,,,,,,,,,,,,,,,
,,,,,,,,,,,,,,,,,,,,,,,,,,,,,
,,,,,,,,,,,,,,,,,,,,,,,,,,,,,
,,,,,,,,,,,,,,,,,,,,,,,,,,,,,
,,,,,,,,,,,,,,,,,,,,,,,,,,,,,
,,,,,,,,,,,,,,,,,,,,,,,,,,,,,
,,,,,,,,,,,,,,,,,,,,,,,,,,,,,
,,,,,,,,,,,,,,,,,,,,,,,,,,,,,
,,,,,,,,,,,,,,,,,,,,,,,,,,,,,
,,,,,,,,,,,,,,,,,,,,,,,,,,,,,
,,,,,,,,,,,,,,,,,,,,,,,,,,,,,
,,,,,,,,,,,,,,,,,,,,,,,,,,,,,
,,,,,,,,,,,,,,,,,,,,,,,,,,,,,
,,,,,,,,,,,,,,,,,,,,,,,,,,,,,
#광고드디어,,,,,,,,,,,,,,,,,,,,,,,,,,,,,
